close,date,high,interest_over_time_AU,interest_over_time_BR,interest_over_time_CA,interest_over_time_CN,interest_over_time_DE,interest_over_time_FR,interest_over_time_GB,interest_over_time_GH,interest_over_time_IN,interest_over_time_JP,interest_over_time_RU,interest_over_time_SG,interest_over_time_VE,interest_over_time_ZA,low,num_retweets,num_tweets,open,tweet_exposure,volume_from,volume_to
10611.92,2018-02-28 09:00:00,10644.15,38.0,66.0,87.0,34.0,44.0,41.0,54.0,48.0,66.0,59.0,48.0,49.0,49.0,46.0,10490.77,29700.0,33100.0,10517.78,29700.0,6002.47,63654467.89
10584.65,2018-02-28 10:00:00,10645.9,38.0,62.0,100.0,24.0,42.0,37.0,49.0,60.0,67.0,52.0,47.0,49.0,32.0,45.0,10517.69,29700.0,33100.0,10612.18,29700.0,3177.4,33768716.08
10572.14,2018-02-28 11:00:00,10659.02,43.0,58.0,79.0,31.0,39.0,42.0,50.0,42.0,68.0,47.0,45.0,48.0,40.0,50.0,10537.52,29700.0,33100.0,10584.71,29700.0,2615.81,27826115.84
10429.42,2018-02-28 12:00:00,10617.64,45.0,52.0,70.0,30.0,44.0,44.0,46.0,26.0,68.0,31.0,46.0,46.0,35.0,52.0,10413.38,29700.0,33100.0,10572.9,29700.0,5508.68,57910137.49
10486.32,2018-02-28 13:00:00,10520.75,49.0,48.0,77.0,26.0,41.0,43.0,47.0,46.0,69.0,41.0,43.0,47.0,34.0,48.0,10407.81,29700.0,33100.0,10429.83,29700.0,4035.39,42449376.57
10535.2,2018-02-28 14:00:00,10579.63,46.0,48.0,66.0,31.0,36.0,41.0,51.0,39.0,63.0,50.0,46.0,46.0,32.0,44.0,10465.48,29700.0,33100.0,10486.32,29700.0,3446.8,36397511.13
10524.21,2018-02-28 15:00:00,10584.35,59.0,51.0,61.0,24.0,37.0,41.0,50.0,48.0,58.0,57.0,45.0,51.0,37.0,51.0,10489.66,29700.0,33100.0,10535.2,29700.0,2692.84,28463804.0
10427.78,2018-02-28 16:00:00,10544.27,72.0,49.0,59.0,6.0,39.0,41.0,47.0,48.0,60.0,63.0,36.0,63.0,33.0,51.0,10425.88,29700.0,33100.0,10524.25,29700.0,3145.85,33096924.55
10457.73,2018-02-28 17:00:00,10515.21,85.0,46.0,55.0,32.0,37.0,43.0,51.0,49.0,54.0,77.0,47.0,75.0,36.0,49.0,10424.76,29700.0,33100.0,10427.48,29700.0,3243.37,34212610.55
10496.82,2018-02-28 18:00:00,10563.48,100.0,45.0,56.0,7.0,43.0,43.0,51.0,52.0,58.0,81.0,48.0,63.0,38.0,46.0,10456.18,29700.0,33100.0,10458.59,29700.0,3775.75,39803200.12
10560.56,2018-02-28 19:00:00,10560.56,84.0,48.0,53.0,5.0,37.0,45.0,47.0,45.0,65.0,100.0,45.0,38.0,39.0,44.0,10494.15,29700.0,33100.0,10497.31,29700.0,2042.87,21550118.66
10670.55,2018-02-28 20:00:00,10698.17,68.0,46.0,51.0,62.0,39.0,54.0,47.0,28.0,68.0,78.0,50.0,74.0,41.0,47.0,10560.21,29700.0,33100.0,10560.56,29700.0,6131.53,65443515.12
10544.87,2018-02-28 21:00:00,10707.51,60.0,45.0,54.0,31.0,41.0,100.0,47.0,36.0,76.0,73.0,66.0,60.0,34.0,46.0,10543.66,29700.0,33100.0,10670.81,29700.0,3648.28,38819429.37
10436.34,2018-02-28 22:00:00,10576.63,48.0,48.0,48.0,23.0,49.0,96.0,50.0,36.0,89.0,42.0,75.0,62.0,30.0,49.0,10435.05,29700.0,33100.0,10553.68,29700.0,3782.77,39885565.4
10334.44,2018-02-28 23:00:00,10464.82,37.0,45.0,51.0,43.0,56.0,69.0,52.0,41.0,74.0,55.0,96.0,82.0,29.0,55.0,10303.14,29700.0,33100.0,10436.24,29700.0,7747.54,80379386.44
10409.67,2018-03-01 00:00:00,10412.75,36.0,44.0,49.0,15.0,66.0,79.0,66.0,62.0,61.0,50.0,70.0,79.0,32.0,44.0,10247.56,29700.0,33100.0,10334.44,29700.0,4863.98,50368960.83
10413.46,2018-03-01 01:00:00,10413.85,35.0,45.0,52.0,39.0,75.0,75.0,72.0,69.0,57.0,63.0,67.0,55.0,36.0,47.0,10334.87,29700.0,33100.0,10409.67,29700.0,2382.81,24790004.61
10342.02,2018-03-01 02:00:00,10452.12,34.0,42.0,53.0,17.0,85.0,100.0,79.0,37.0,56.0,62.0,41.0,58.0,42.0,49.0,10308.28,29700.0,33100.0,10413.46,29700.0,3015.99,31361488.98
10370.0,2018-03-01 03:00:00,10398.62,34.0,49.0,52.0,33.0,85.0,76.0,93.0,90.0,62.0,67.0,43.0,45.0,55.0,54.0,10311.09,29700.0,33100.0,10342.32,29700.0,1512.05,15726157.7
10450.38,2018-03-01 04:00:00,10472.14,29.0,60.0,56.0,23.0,73.0,71.0,82.0,100.0,63.0,59.0,30.0,42.0,67.0,73.0,10369.81,29700.0,33100.0,10370.23,29700.0,3031.72,31690614.5
10421.31,2018-03-01 05:00:00,10457.01,33.0,61.0,61.0,27.0,63.0,49.0,71.0,62.0,66.0,48.0,27.0,43.0,69.0,69.0,10388.67,29700.0,33100.0,10450.9,29700.0,1492.12,15630751.6
10404.58,2018-03-01 06:00:00,10424.57,35.0,76.0,63.0,30.0,45.0,46.0,62.0,48.0,66.0,51.0,29.0,46.0,68.0,51.0,10342.98,29700.0,33100.0,10421.32,29700.0,1503.74,15689152.58
10547.75,2018-03-01 07:00:00,10563.69,32.0,86.0,70.0,27.0,50.0,43.0,37.0,39.0,65.0,55.0,36.0,49.0,69.0,45.0,10403.98,29700.0,33100.0,10403.98,29700.0,3964.49,41822054.27
10657.31,2018-03-01 08:00:00,10672.5,35.0,79.0,72.0,23.0,42.0,44.0,36.0,47.0,62.0,49.0,35.0,43.0,26.0,43.0,10547.81,29700.0,33100.0,10547.81,29700.0,3733.06,39861900.29
10616.41,2018-03-01 09:00:00,10665.01,33.0,55.0,76.0,28.0,41.0,35.0,42.0,58.0,63.0,48.0,33.0,38.0,33.0,46.0,10588.77,24600.0,34700.0,10657.31,219984400.0,1834.29,19581697.09
10749.08,2018-03-01 10:00:00,10749.08,37.0,59.0,91.0,22.0,40.0,41.0,43.0,67.0,63.0,52.0,32.0,46.0,32.0,44.0,10615.22,27900.0,33000.0,10616.41,233300300.0,3551.52,38149803.38
10675.76,2018-03-01 11:00:00,10761.47,38.0,51.0,81.0,34.0,39.0,38.0,41.0,45.0,64.0,45.0,29.0,39.0,34.0,46.0,10675.09,27900.0,33000.0,10749.08,233300300.0,3358.73,36378119.33
10650.65,2018-03-01 12:00:00,10738.91,41.0,46.0,62.0,26.0,42.0,39.0,41.0,46.0,73.0,45.0,31.0,40.0,30.0,44.0,10640.57,27900.0,33000.0,10675.76,233300300.0,3142.18,33797997.03
10785.06,2018-03-01 13:00:00,10826.7,44.0,44.0,52.0,31.0,39.0,45.0,44.0,59.0,70.0,48.0,36.0,43.0,30.0,48.0,10650.44,27900.0,33000.0,10650.65,233300300.0,5446.69,58864361.97
10795.75,2018-03-01 14:00:00,10820.76,46.0,48.0,51.0,26.0,35.0,44.0,43.0,38.0,65.0,34.0,40.0,42.0,28.0,47.0,10762.68,27900.0,33000.0,10785.06,233300300.0,3426.45,37153907.12
10729.14,2018-03-01 15:00:00,10797.07,57.0,46.0,55.0,30.0,37.0,39.0,44.0,34.0,65.0,45.0,41.0,48.0,40.0,56.0,10693.41,27900.0,33000.0,10796.29,233300300.0,3164.89,34109383.6
10764.72,2018-03-01 16:00:00,10784.23,70.0,51.0,53.0,40.0,39.0,43.0,44.0,53.0,61.0,66.0,33.0,49.0,37.0,64.0,10713.4,27900.0,33000.0,10729.45,233300300.0,2297.3,24840783.58
10868.9,2018-03-01 17:00:00,10889.35,67.0,47.0,47.0,24.0,45.0,37.0,44.0,56.0,57.0,60.0,39.0,53.0,43.0,66.0,10733.36,27900.0,33000.0,10764.72,233300300.0,4083.19,44256829.04
10953.82,2018-03-01 18:00:00,10965.26,77.0,44.0,48.0,18.0,43.0,39.0,44.0,55.0,63.0,65.0,34.0,58.0,30.0,62.0,10845.75,27900.0,33000.0,10868.91,233300300.0,6651.93,72704303.97
10918.88,2018-03-01 19:00:00,10972.62,73.0,48.0,46.0,22.0,42.0,37.0,46.0,59.0,70.0,84.0,33.0,54.0,35.0,63.0,10870.23,27900.0,33000.0,10951.38,233300300.0,4500.18,49325363.66
11054.34,2018-03-01 20:00:00,11090.3,67.0,50.0,53.0,63.0,41.0,50.0,46.0,29.0,71.0,61.0,43.0,60.0,32.0,64.0,10891.19,27900.0,33000.0,10919.3,233300300.0,7231.4,79853462.71
10947.72,2018-03-01 21:00:00,11080.92,56.0,54.0,50.0,27.0,47.0,68.0,48.0,36.0,80.0,52.0,37.0,61.0,31.0,69.0,10917.53,27900.0,33000.0,11054.4,233300300.0,5060.56,55994351.47
10984.32,2018-03-01 22:00:00,10985.48,50.0,50.0,53.0,43.0,53.0,64.0,53.0,36.0,87.0,43.0,60.0,100.0,35.0,63.0,10823.18,27900.0,33000.0,10944.49,233300300.0,5519.8,60213377.89
10929.37,2018-03-01 23:00:00,11003.22,40.0,51.0,50.0,22.0,59.0,59.0,56.0,39.0,86.0,48.0,74.0,62.0,31.0,58.0,10912.54,27900.0,33000.0,10985.09,233300300.0,3663.37,40307292.81
11045.4,2018-03-02 00:00:00,11083.38,36.0,50.0,46.0,19.0,61.0,69.0,68.0,78.0,61.0,36.0,80.0,55.0,31.0,53.0,10928.24,27900.0,33000.0,10929.37,233300300.0,4466.71,49415407.97
11168.87,2018-03-02 01:00:00,11191.94,35.0,67.0,52.0,28.0,78.0,75.0,77.0,61.0,55.0,51.0,47.0,53.0,34.0,64.0,11007.72,27900.0,33000.0,11044.87,233300300.0,6304.42,70310799.43
11063.38,2018-03-02 02:00:00,11173.71,37.0,70.0,52.0,21.0,81.0,70.0,83.0,65.0,52.0,52.0,28.0,43.0,38.0,67.0,11061.72,27900.0,33000.0,11168.87,233300300.0,3404.76,37974950.38
11128.52,2018-03-02 03:00:00,11143.7,36.0,70.0,52.0,27.0,90.0,83.0,91.0,72.0,62.0,61.0,34.0,46.0,44.0,84.0,11063.38,27900.0,33000.0,11063.38,233300300.0,2700.93,30210005.6
11010.45,2018-03-02 04:00:00,11157.43,36.0,76.0,58.0,27.0,65.0,64.0,88.0,53.0,61.0,45.0,33.0,50.0,49.0,96.0,10979.64,27900.0,33000.0,11128.52,233300300.0,3861.12,42981650.03
11005.99,2018-03-02 05:00:00,11044.24,32.0,83.0,60.0,43.0,68.0,65.0,76.0,8.0,67.0,48.0,26.0,51.0,65.0,100.0,10935.16,27900.0,33000.0,11010.43,233300300.0,3025.28,33363592.76
11120.83,2018-03-02 06:00:00,11141.18,35.0,100.0,57.0,22.0,50.0,42.0,74.0,35.0,65.0,47.0,26.0,42.0,51.0,79.0,11006.09,27900.0,33000.0,11006.09,233300300.0,3395.76,38032528.66
11103.49,2018-03-02 07:00:00,11155.75,35.0,81.0,75.0,30.0,48.0,44.0,48.0,43.0,68.0,58.0,27.0,41.0,100.0,65.0,11044.27,27900.0,33000.0,11120.22,233300300.0,2455.85,27353340.61
11127.05,2018-03-02 08:00:00,11150.61,33.0,90.0,77.0,27.0,43.0,43.0,49.0,41.0,63.0,45.0,33.0,35.0,54.0,56.0,11064.87,27900.0,33000.0,11103.59,233300300.0,2537.06,28338934.8
10905.51,2018-03-02 09:00:00,11133.44,34.0,84.0,74.0,33.0,45.0,36.0,57.0,47.0,64.0,47.0,37.0,45.0,40.0,54.0,10893.86,24600.0,34700.0,11127.3,219984400.0,4840.58,53280663.65
10936.55,2018-03-02 10:00:00,10958.02,36.0,74.0,78.0,38.0,42.0,36.0,50.0,37.0,62.0,41.0,38.0,50.0,26.0,52.0,10864.76,22800.0,34600.0,10905.63,207784600.0,2847.31,31194332.64
10926.3,2018-03-02 11:00:00,10959.7,36.0,74.0,76.0,34.0,44.0,37.0,56.0,42.0,61.0,36.0,28.0,41.0,33.0,55.0,10861.02,22800.0,34600.0,10936.3,207784600.0,2118.2,23193679.49
11025.53,2018-03-02 12:00:00,11026.67,39.0,68.0,57.0,26.0,43.0,39.0,60.0,41.0,65.0,41.0,36.0,46.0,28.0,56.0,10922.29,22800.0,34600.0,10926.77,207784600.0,2736.71,30090047.76
10984.58,2018-03-02 13:00:00,11059.37,41.0,57.0,52.0,43.0,42.0,38.0,57.0,51.0,71.0,38.0,40.0,46.0,26.0,46.0,10966.03,22800.0,34600.0,11025.3,207784600.0,2774.57,30663943.48
10808.85,2018-03-02 14:00:00,10989.84,43.0,53.0,53.0,30.0,40.0,35.0,56.0,45.0,64.0,39.0,41.0,47.0,31.0,50.0,10801.45,22800.0,34600.0,10984.68,207784600.0,5171.11,56284367.53
10867.41,2018-03-02 15:00:00,10874.18,51.0,56.0,55.0,33.0,44.0,36.0,53.0,40.0,63.0,32.0,37.0,59.0,34.0,56.0,10808.85,22800.0,34600.0,10808.85,207784600.0,1987.12,21666781.51
10871.42,2018-03-02 16:00:00,10891.27,49.0,54.0,51.0,22.0,41.0,36.0,53.0,45.0,62.0,60.0,31.0,55.0,32.0,52.0,10809.33,22800.0,34600.0,10867.49,207784600.0,2848.35,31013014.54
10916.69,2018-03-02 17:00:00,10923.74,65.0,57.0,53.0,24.0,37.0,35.0,52.0,55.0,62.0,48.0,33.0,51.0,36.0,50.0,10858.57,22800.0,34600.0,10871.81,207784600.0,2157.07,23567751.47
10938.09,2018-03-02 18:00:00,10961.74,58.0,51.0,49.0,13.0,37.0,31.0,48.0,75.0,63.0,67.0,30.0,44.0,29.0,51.0,10879.31,22800.0,34600.0,10916.69,207784600.0,2513.07,27565496.78
10936.23,2018-03-02 19:00:00,10948.23,67.0,49.0,44.0,21.0,36.0,34.0,49.0,52.0,70.0,84.0,35.0,59.0,30.0,48.0,10882.84,22800.0,34600.0,10938.37,207784600.0,1894.73,20731925.08
11076.19,2018-03-02 20:00:00,11104.41,63.0,49.0,45.0,31.0,35.0,33.0,46.0,53.0,70.0,71.0,47.0,51.0,31.0,50.0,10910.98,22800.0,34600.0,10936.44,207784600.0,4556.94,50357741.86
11050.84,2018-03-02 21:00:00,11090.17,50.0,53.0,47.0,42.0,37.0,34.0,52.0,45.0,75.0,57.0,40.0,47.0,34.0,51.0,11013.53,22800.0,34600.0,11076.1,207784600.0,3121.74,34585052.99
11128.51,2018-03-02 22:00:00,11129.35,42.0,51.0,46.0,31.0,40.0,41.0,51.0,49.0,100.0,30.0,52.0,54.0,34.0,51.0,11042.0,22800.0,34600.0,11050.84,207784600.0,2166.29,24074086.53
11043.12,2018-03-02 23:00:00,11138.88,36.0,50.0,45.0,100.0,48.0,46.0,58.0,47.0,86.0,49.0,64.0,35.0,33.0,52.0,10977.63,22800.0,34600.0,11127.77,207784600.0,3309.8,36658394.08
11101.36,2018-03-03 00:00:00,11115.98,33.0,45.0,41.0,15.0,53.0,55.0,64.0,57.0,77.0,45.0,80.0,78.0,28.0,45.0,11043.12,22800.0,34600.0,11043.12,207784600.0,2042.12,22726504.44
11235.0,2018-03-03 01:00:00,11255.94,34.0,49.0,42.0,41.0,57.0,70.0,73.0,51.0,53.0,48.0,43.0,61.0,33.0,50.0,11101.28,22800.0,34600.0,11101.34,207784600.0,5454.15,61223568.87
11329.89,2018-03-03 02:00:00,11372.17,29.0,50.0,44.0,23.0,62.0,69.0,77.0,85.0,60.0,38.0,44.0,51.0,43.0,60.0,11210.4,22800.0,34600.0,11235.34,207784600.0,6199.06,70243575.04
11327.09,2018-03-03 03:00:00,11356.06,33.0,52.0,50.0,16.0,78.0,62.0,84.0,74.0,69.0,41.0,36.0,52.0,37.0,54.0,11272.72,22800.0,34600.0,11329.89,207784600.0,3046.03,34604018.99
11378.53,2018-03-03 04:00:00,11402.2,33.0,62.0,50.0,44.0,64.0,61.0,81.0,8.0,77.0,43.0,22.0,45.0,48.0,62.0,11325.6,22800.0,34600.0,11327.09,207784600.0,3170.01,36102617.74
11344.65,2018-03-03 05:00:00,11386.3,34.0,58.0,58.0,35.0,44.0,55.0,86.0,39.0,71.0,41.0,30.0,41.0,73.0,67.0,11310.95,22800.0,34600.0,11377.9,207784600.0,2807.76,31928237.21
11350.84,2018-03-03 06:00:00,11410.5,32.0,67.0,53.0,34.0,56.0,42.0,75.0,82.0,69.0,44.0,25.0,46.0,51.0,66.0,11338.99,22800.0,34600.0,11345.05,207784600.0,3956.32,45140639.21
11322.4,2018-03-03 07:00:00,11396.22,34.0,69.0,68.0,40.0,42.0,37.0,76.0,54.0,69.0,42.0,28.0,39.0,65.0,60.0,11313.59,22800.0,34600.0,11350.8,207784600.0,2471.34,28234036.96
11359.41,2018-03-03 08:00:00,11365.16,35.0,78.0,69.0,37.0,45.0,37.0,67.0,59.0,70.0,32.0,26.0,42.0,84.0,50.0,11267.4,22800.0,34600.0,11322.49,207784600.0,2412.62,27409394.72
11340.39,2018-03-03 09:00:00,11371.56,36.0,71.0,68.0,26.0,40.0,37.0,63.0,37.0,64.0,37.0,30.0,38.0,53.0,49.0,11300.06,24600.0,34700.0,11359.8,219984400.0,1621.99,18463722.03
11330.62,2018-03-03 10:00:00,11352.94,30.0,67.0,81.0,20.0,38.0,34.0,93.0,50.0,68.0,39.0,29.0,42.0,58.0,52.0,11324.04,23200.0,29600.0,11340.51,172097900.0,1713.4,19488325.6
11292.24,2018-03-03 11:00:00,11352.12,34.0,53.0,73.0,42.0,37.0,40.0,53.0,56.0,65.0,46.0,30.0,44.0,38.0,45.0,11284.33,23200.0,29600.0,11330.62,172097900.0,2313.42,26295424.43
11418.56,2018-03-03 12:00:00,11440.25,33.0,53.0,61.0,20.0,33.0,45.0,49.0,64.0,72.0,37.0,37.0,35.0,31.0,42.0,11290.31,23200.0,29600.0,11291.39,172097900.0,2898.75,33133094.96
11461.71,2018-03-03 13:00:00,11485.21,37.0,49.0,50.0,28.0,38.0,36.0,51.0,35.0,69.0,25.0,32.0,37.0,33.0,47.0,11400.77,23200.0,29600.0,11418.82,172097900.0,3474.52,39890965.41
11434.96,2018-03-03 14:00:00,11484.47,45.0,47.0,49.0,46.0,35.0,36.0,49.0,49.0,71.0,33.0,33.0,46.0,29.0,43.0,11405.08,23200.0,29600.0,11461.47,172097900.0,3027.36,34705262.7
11477.0,2018-03-03 15:00:00,11500.96,54.0,45.0,43.0,29.0,36.0,34.0,45.0,58.0,72.0,40.0,34.0,47.0,29.0,43.0,11413.17,23200.0,29600.0,11434.96,172097900.0,2949.46,33853299.98
11478.17,2018-03-03 16:00:00,11496.07,48.0,46.0,44.0,43.0,31.0,31.0,44.0,54.0,65.0,52.0,33.0,40.0,32.0,46.0,11455.5,23200.0,29600.0,11477.0,172097900.0,1820.9,20993681.86
11523.2,2018-03-03 17:00:00,11530.66,61.0,45.0,44.0,39.0,33.0,31.0,44.0,33.0,66.0,52.0,32.0,47.0,33.0,44.0,11437.26,23200.0,29600.0,11478.17,172097900.0,3249.76,37461196.45
11494.74,2018-03-03 18:00:00,11526.65,55.0,44.0,47.0,13.0,33.0,31.0,45.0,44.0,67.0,34.0,39.0,45.0,40.0,47.0,11468.23,23200.0,29600.0,11523.2,172097900.0,1671.12,19287166.3
11488.31,2018-03-03 19:00:00,11509.66,67.0,47.0,46.0,0.0,34.0,30.0,46.0,52.0,76.0,81.0,37.0,59.0,37.0,45.0,11474.33,23200.0,29600.0,11494.78,172097900.0,1749.06,20210897.01
11326.17,2018-03-03 20:00:00,11495.96,63.0,44.0,42.0,48.0,35.0,32.0,43.0,40.0,82.0,79.0,37.0,37.0,33.0,45.0,11279.71,23200.0,29600.0,11488.77,172097900.0,5712.68,65018191.86
11315.91,2018-03-03 21:00:00,11368.99,54.0,47.0,41.0,0.0,38.0,34.0,47.0,44.0,88.0,44.0,45.0,41.0,35.0,48.0,11289.81,23200.0,29600.0,11326.17,172097900.0,2648.3,30129552.45
11408.76,2018-03-03 22:00:00,11423.19,46.0,43.0,40.0,15.0,38.0,34.0,49.0,44.0,89.0,29.0,54.0,76.0,34.0,47.0,11311.44,23200.0,29600.0,11316.72,172097900.0,2351.68,26800443.77
11465.36,2018-03-03 23:00:00,11479.81,40.0,41.0,37.0,13.0,44.0,40.0,51.0,39.0,87.0,28.0,66.0,56.0,41.0,50.0,11396.8,23200.0,29600.0,11408.81,172097900.0,2517.57,28856308.22
11375.03,2018-03-04 00:00:00,11469.27,36.0,43.0,38.0,17.0,46.0,55.0,59.0,41.0,71.0,29.0,67.0,50.0,36.0,42.0,11373.83,23200.0,29600.0,11465.36,172097900.0,1834.21,21041050.29
11409.0,2018-03-04 01:00:00,11424.17,38.0,47.0,39.0,30.0,52.0,59.0,63.0,57.0,61.0,36.0,43.0,58.0,44.0,41.0,11375.03,23200.0,29600.0,11375.03,172097900.0,1407.93,16157534.39
11347.32,2018-03-04 02:00:00,11411.89,31.0,46.0,40.0,28.0,60.0,61.0,68.0,37.0,60.0,36.0,40.0,48.0,35.0,59.0,11305.19,23200.0,29600.0,11407.89,172097900.0,2149.92,24461529.76
11198.27,2018-03-04 03:00:00,11348.88,30.0,43.0,42.0,30.0,59.0,70.0,63.0,23.0,64.0,29.0,30.0,36.0,49.0,52.0,11165.14,23200.0,29600.0,11347.75,172097900.0,4371.28,49233170.27
11228.23,2018-03-04 04:00:00,11249.67,29.0,49.0,45.0,14.0,65.0,68.0,64.0,53.0,70.0,41.0,22.0,34.0,52.0,73.0,11141.97,23200.0,29600.0,11198.27,172097900.0,2627.66,29555323.11
11226.08,2018-03-04 05:00:00,11251.91,31.0,50.0,47.0,26.0,47.0,71.0,69.0,34.0,72.0,35.0,23.0,36.0,55.0,62.0,11178.66,23200.0,29600.0,11229.16,172097900.0,1432.35,16124201.42
11139.06,2018-03-04 06:00:00,11230.03,28.0,59.0,51.0,43.0,50.0,56.0,73.0,56.0,67.0,34.0,27.0,38.0,72.0,62.0,11136.06,23200.0,29600.0,11228.31,172097900.0,1819.21,20430975.0
11167.8,2018-03-04 07:00:00,11169.62,27.0,58.0,53.0,35.0,42.0,43.0,71.0,48.0,67.0,32.0,28.0,36.0,86.0,54.0,11084.01,23200.0,29600.0,11139.19,172097900.0,2988.58,33349245.63
11242.22,2018-03-04 08:00:00,11243.91,32.0,71.0,60.0,38.0,42.0,32.0,64.0,49.0,63.0,38.0,24.0,44.0,60.0,48.0,11148.31,23200.0,29600.0,11166.81,172097900.0,1959.19,22006657.3
11254.3,2018-03-04 09:00:00,11270.62,31.0,58.0,68.0,23.0,35.0,33.0,50.0,26.0,62.0,33.0,32.0,36.0,77.0,45.0,11206.51,24600.0,34700.0,11242.06,219984400.0,1613.73,18222465.0
11161.74,2018-03-04 10:00:00,11255.47,31.0,51.0,67.0,23.0,33.0,30.0,49.0,36.0,59.0,36.0,29.0,37.0,27.0,47.0,11134.38,27000.0,30100.0,11254.3,157242600.0,2427.65,27203659.29
11165.59,2018-03-04 11:00:00,11198.3,31.0,51.0,64.0,14.0,34.0,33.0,50.0,65.0,54.0,37.0,30.0,32.0,30.0,49.0,11110.48,27000.0,30100.0,11162.14,157242600.0,1548.91,17343150.98
11229.65,2018-03-04 12:00:00,11240.08,38.0,48.0,58.0,23.0,35.0,31.0,47.0,44.0,69.0,35.0,30.0,34.0,45.0,41.0,11160.9,27000.0,30100.0,11166.02,157242600.0,3448.29,38670447.71
11208.9,2018-03-04 13:00:00,11254.45,36.0,50.0,49.0,21.0,30.0,29.0,42.0,43.0,69.0,32.0,29.0,38.0,40.0,43.0,11174.48,27000.0,30100.0,11229.89,157242600.0,2305.58,25882240.33
11150.34,2018-03-04 14:00:00,11214.45,50.0,42.0,45.0,23.0,33.0,32.0,40.0,43.0,67.0,42.0,26.0,43.0,41.0,40.0,11137.43,27000.0,30100.0,11208.9,157242600.0,1651.0,18504067.99
11156.59,2018-03-04 15:00:00,11157.9,44.0,43.0,39.0,31.0,30.0,32.0,40.0,51.0,62.0,50.0,27.0,36.0,38.0,43.0,11110.76,27000.0,30100.0,11150.68,157242600.0,1660.59,18572224.07
11164.35,2018-03-04 16:00:00,11189.77,41.0,46.0,40.0,20.0,32.0,31.0,39.0,41.0,63.0,44.0,25.0,42.0,35.0,41.0,11132.3,27000.0,30100.0,11156.59,157242600.0,1473.67,16522099.26
11145.36,2018-03-04 17:00:00,11172.93,57.0,42.0,38.0,19.0,28.0,28.0,39.0,29.0,59.0,45.0,31.0,37.0,41.0,43.0,11144.27,27000.0,30100.0,11164.35,157242600.0,1058.93,11851691.05
11367.22,2018-03-04 18:00:00,11377.83,50.0,41.0,39.0,39.0,31.0,33.0,40.0,33.0,67.0,50.0,27.0,45.0,37.0,43.0,11136.6,27000.0,30100.0,11144.49,157242600.0,5365.43,60723073.1
11384.55,2018-03-04 19:00:00,11423.32,59.0,39.0,40.0,7.0,31.0,30.0,39.0,37.0,72.0,79.0,37.0,42.0,36.0,41.0,11366.38,27000.0,30100.0,11367.22,157242600.0,3893.43,44467982.26
11483.04,2018-03-04 20:00:00,11490.88,54.0,42.0,37.0,11.0,31.0,30.0,43.0,50.0,72.0,75.0,36.0,53.0,36.0,40.0,11385.33,27000.0,30100.0,11385.42,157242600.0,3726.7,42791556.58
11439.24,2018-03-04 21:00:00,11522.76,44.0,46.0,39.0,15.0,36.0,37.0,46.0,39.0,90.0,36.0,48.0,52.0,43.0,45.0,11415.85,27000.0,30100.0,11482.72,157242600.0,2835.5,32561838.13
11417.54,2018-03-04 22:00:00,11455.18,37.0,47.0,37.0,45.0,39.0,40.0,48.0,34.0,83.0,57.0,70.0,69.0,44.0,62.0,11378.64,27000.0,30100.0,11439.24,157242600.0,3372.14,38505406.03
11504.42,2018-03-04 23:00:00,11539.79,33.0,39.0,37.0,11.0,58.0,44.0,53.0,32.0,84.0,45.0,100.0,63.0,37.0,38.0,11417.34,27000.0,30100.0,11417.53,157242600.0,4044.5,46545746.62
11480.28,2018-03-05 00:00:00,11519.34,32.0,39.0,37.0,32.0,59.0,63.0,62.0,57.0,67.0,44.0,59.0,50.0,35.0,60.0,11432.76,27000.0,30100.0,11503.94,157242600.0,2808.32,32248067.11
11480.39,2018-03-05 01:00:00,11484.15,32.0,41.0,36.0,29.0,60.0,70.0,69.0,30.0,57.0,52.0,38.0,45.0,42.0,65.0,11434.35,27000.0,30100.0,11480.71,157242600.0,2135.86,24597762.27
11538.28,2018-03-05 02:00:00,11538.69,32.0,46.0,38.0,20.0,62.0,75.0,82.0,41.0,54.0,54.0,54.0,44.0,43.0,63.0,11474.25,27000.0,30100.0,11480.68,157242600.0,2774.88,31959684.94
11578.26,2018-03-05 03:00:00,11596.28,31.0,45.0,36.0,19.0,61.0,65.0,79.0,19.0,70.0,62.0,25.0,37.0,48.0,47.0,11486.18,27000.0,30100.0,11538.28,157242600.0,3664.68,42396705.8
11530.08,2018-03-05 04:00:00,11623.62,30.0,52.0,46.0,24.0,56.0,73.0,83.0,29.0,75.0,61.0,26.0,40.0,66.0,72.0,11529.64,27000.0,30100.0,11578.26,157242600.0,3489.72,40517388.5
11537.1,2018-03-05 05:00:00,11549.25,31.0,57.0,49.0,20.0,60.0,48.0,78.0,36.0,76.0,50.0,22.0,43.0,64.0,77.0,11485.36,27000.0,30100.0,11529.95,157242600.0,2325.3,26871041.84
11546.05,2018-03-05 06:00:00,11567.96,29.0,61.0,54.0,26.0,46.0,38.0,95.0,40.0,75.0,51.0,28.0,47.0,79.0,65.0,11522.1,27000.0,30100.0,11537.24,157242600.0,2173.86,25141152.76
11530.81,2018-03-05 07:00:00,11586.61,38.0,74.0,64.0,27.0,44.0,43.0,76.0,49.0,75.0,45.0,26.0,43.0,69.0,45.0,11526.0,27000.0,30100.0,11546.19,157242600.0,2648.96,30685345.91
11454.41,2018-03-05 08:00:00,11549.16,37.0,69.0,69.0,29.0,37.0,38.0,61.0,77.0,73.0,43.0,31.0,36.0,37.0,44.0,11441.71,27000.0,30100.0,11530.8,157242600.0,2807.19,32479416.88
11469.63,2018-03-05 09:00:00,11491.28,36.0,57.0,72.0,23.0,42.0,34.0,61.0,47.0,67.0,39.0,29.0,44.0,54.0,40.0,11445.12,24600.0,34700.0,11454.91,219984400.0,1491.52,17155137.51
11501.13,2018-03-05 10:00:00,11505.61,36.0,55.0,70.0,25.0,36.0,37.0,55.0,29.0,66.0,50.0,38.0,40.0,41.0,47.0,11435.43,24600.0,34700.0,11469.63,219984400.0,2198.5,25276499.32
11514.25,2018-03-05 11:00:00,11536.11,38.0,54.0,69.0,15.0,36.0,31.0,51.0,46.0,66.0,45.0,38.0,41.0,41.0,43.0,11481.83,24600.0,34700.0,11501.2,219984400.0,1606.29,18563513.79
11549.35,2018-03-05 12:00:00,11576.17,37.0,46.0,55.0,19.0,44.0,42.0,53.0,47.0,69.0,44.0,34.0,42.0,24.0,45.0,11513.84,24600.0,34700.0,11514.25,219984400.0,4066.96,47112324.55
11524.16,2018-03-05 13:00:00,11554.1,42.0,46.0,49.0,29.0,46.0,40.0,56.0,43.0,73.0,36.0,26.0,42.0,29.0,49.0,11497.26,24600.0,34700.0,11549.41,219984400.0,1853.03,21417720.81
11492.32,2018-03-05 14:00:00,11548.9,50.0,43.0,43.0,37.0,39.0,34.0,51.0,54.0,66.0,40.0,24.0,41.0,33.0,41.0,11466.26,24600.0,34700.0,11524.16,219984400.0,3110.01,35913985.7
11519.31,2018-03-05 15:00:00,11526.15,58.0,48.0,50.0,28.0,38.0,34.0,52.0,46.0,67.0,44.0,36.0,47.0,36.0,45.0,11477.53,24600.0,34700.0,11492.32,219984400.0,2093.35,24178053.59
11532.67,2018-03-05 16:00:00,11559.75,56.0,50.0,50.0,29.0,37.0,34.0,52.0,39.0,64.0,45.0,33.0,45.0,35.0,42.0,11513.29,24600.0,34700.0,11519.47,219984400.0,1922.87,22235094.59
11508.29,2018-03-05 17:00:00,11545.33,51.0,47.0,47.0,23.0,37.0,33.0,51.0,46.0,67.0,59.0,31.0,50.0,30.0,44.0,11498.19,24600.0,34700.0,11532.67,219984400.0,1960.12,22631066.46
11672.23,2018-03-05 18:00:00,11690.33,74.0,43.0,48.0,22.0,36.0,34.0,46.0,45.0,66.0,56.0,35.0,55.0,35.0,43.0,11504.15,23500.0,32900.0,11508.02,334017700.0,6551.74,76145853.49
11653.16,2018-03-05 19:00:00,11686.5,82.0,45.0,46.0,15.0,38.0,34.0,49.0,41.0,68.0,77.0,35.0,52.0,32.0,47.0,11648.62,23500.0,32900.0,11671.56,334017700.0,3181.53,37222301.55
11616.33,2018-03-05 20:00:00,11694.15,75.0,47.0,47.0,22.0,91.0,34.0,52.0,47.0,70.0,90.0,35.0,47.0,33.0,50.0,11582.43,23500.0,32900.0,11653.16,334017700.0,5742.44,67113026.37
11590.79,2018-03-05 21:00:00,11626.9,57.0,50.0,46.0,0.0,52.0,37.0,51.0,49.0,91.0,76.0,48.0,43.0,33.0,46.0,11554.19,23500.0,32900.0,11616.33,334017700.0,2919.78,33910421.67
11582.86,2018-03-05 22:00:00,11631.77,44.0,41.0,48.0,42.0,51.0,44.0,50.0,36.0,96.0,48.0,46.0,42.0,31.0,51.0,11579.56,23500.0,32900.0,11589.89,334017700.0,2047.37,23867519.73
11440.73,2018-03-05 23:00:00,11615.77,39.0,42.0,45.0,41.0,82.0,51.0,56.0,38.0,78.0,44.0,65.0,60.0,32.0,51.0,11431.55,23500.0,32900.0,11583.82,334017700.0,2749.22,31832819.97
11325.51,2018-03-06 00:00:00,11441.65,34.0,45.0,45.0,28.0,100.0,66.0,73.0,35.0,80.0,42.0,75.0,50.0,31.0,44.0,11298.68,23500.0,32900.0,11440.33,334017700.0,7736.06,88092536.12
11309.66,2018-03-06 01:00:00,11326.31,33.0,46.0,49.0,39.0,81.0,61.0,85.0,49.0,57.0,47.0,53.0,50.0,43.0,51.0,11237.28,23500.0,32900.0,11325.51,334017700.0,5498.47,62164155.89
11284.13,2018-03-06 02:00:00,11312.11,35.0,48.0,46.0,24.0,83.0,82.0,87.0,60.0,58.0,60.0,43.0,41.0,40.0,63.0,11228.79,23500.0,32900.0,11309.9,334017700.0,2450.09,27713223.62
11274.44,2018-03-06 03:00:00,11293.14,32.0,50.0,47.0,30.0,77.0,65.0,100.0,45.0,64.0,47.0,27.0,37.0,46.0,51.0,11205.0,23500.0,32900.0,11284.13,334017700.0,2759.68,31092670.54
11305.21,2018-03-06 04:00:00,11349.79,30.0,52.0,54.0,28.0,75.0,59.0,88.0,35.0,67.0,46.0,20.0,34.0,53.0,68.0,11273.89,23500.0,32900.0,11275.04,334017700.0,2671.67,30288210.15
11331.94,2018-03-06 05:00:00,11341.48,30.0,68.0,65.0,21.0,61.0,44.0,88.0,28.0,68.0,44.0,26.0,41.0,78.0,67.0,11273.38,23500.0,32900.0,11305.21,334017700.0,1942.86,22044329.2
11320.82,2018-03-06 06:00:00,11358.33,30.0,70.0,62.0,32.0,50.0,34.0,89.0,25.0,66.0,48.0,29.0,37.0,99.0,55.0,11311.34,23500.0,32900.0,11331.94,334017700.0,2182.91,24838986.73
11300.2,2018-03-06 07:00:00,11321.98,34.0,74.0,64.0,26.0,47.0,42.0,74.0,43.0,63.0,47.0,24.0,37.0,61.0,43.0,11264.1,23500.0,32900.0,11320.71,334017700.0,1641.55,18640389.33
11280.91,2018-03-06 08:00:00,11315.91,31.0,80.0,76.0,24.0,40.0,36.0,66.0,47.0,60.0,41.0,26.0,36.0,42.0,42.0,11272.51,23500.0,32900.0,11300.27,334017700.0,2397.23,27133819.95
11289.68,2018-03-06 09:00:00,11320.72,32.0,57.0,76.0,24.0,38.0,37.0,57.0,36.0,62.0,50.0,31.0,37.0,41.0,40.0,11278.42,24600.0,34700.0,11280.91,219984400.0,1677.87,19040860.4
10964.31,2018-03-06 10:00:00,11288.88,31.0,56.0,83.0,39.0,35.0,31.0,55.0,40.0,59.0,38.0,35.0,39.0,37.0,43.0,10920.29,24600.0,34700.0,11288.67,219984400.0,13297.85,147344806.0
10969.23,2018-03-06 11:00:00,10994.47,37.0,54.0,84.0,34.0,43.0,38.0,57.0,27.0,67.0,45.0,40.0,41.0,39.0,45.0,10891.85,24600.0,34700.0,10964.31,219984400.0,4868.77,53496696.82
10952.89,2018-03-06 12:00:00,10993.35,42.0,53.0,61.0,20.0,48.0,42.0,59.0,38.0,71.0,34.0,37.0,47.0,33.0,48.0,10906.67,24600.0,34700.0,10968.61,219984400.0,3362.61,36918288.12
10870.2,2018-03-06 13:00:00,10953.14,52.0,48.0,60.0,21.0,42.0,40.0,53.0,58.0,66.0,31.0,37.0,38.0,25.0,44.0,10842.34,24600.0,34700.0,10952.89,219984400.0,5823.91,63547453.47
11007.25,2018-03-06 14:00:00,11020.4,55.0,45.0,52.0,21.0,40.0,33.0,58.0,57.0,60.0,40.0,35.0,40.0,33.0,43.0,10867.32,24600.0,34700.0,10870.24,219984400.0,4622.05,50836492.39
10990.83,2018-03-06 15:00:00,11037.55,53.0,47.0,50.0,29.0,40.0,37.0,55.0,50.0,56.0,52.0,33.0,45.0,32.0,40.0,10979.87,24600.0,34700.0,11007.28,219984400.0,3440.49,38005982.56
10964.21,2018-03-06 16:00:00,11002.86,60.0,47.0,51.0,17.0,35.0,36.0,49.0,32.0,52.0,46.0,32.0,53.0,30.0,43.0,10937.42,24600.0,34700.0,10990.83,219984400.0,3091.08,33999146.02
10791.24,2018-03-06 17:00:00,10966.1,62.0,46.0,47.0,17.0,37.0,36.0,48.0,35.0,53.0,55.0,36.0,56.0,39.0,42.0,10773.0,24600.0,34700.0,10964.86,219984400.0,6923.9,75194496.18
10736.66,2018-03-06 18:00:00,10881.72,63.0,45.0,46.0,57.0,39.0,33.0,53.0,44.0,57.0,85.0,34.0,45.0,27.0,45.0,10730.99,24600.0,34700.0,10791.24,219984400.0,5832.44,63123098.04
10723.5,2018-03-06 19:00:00,10737.09,75.0,42.0,46.0,36.0,37.0,32.0,50.0,46.0,69.0,88.0,32.0,57.0,35.0,45.0,10589.28,24600.0,34700.0,10736.66,219984400.0,10101.17,108042935.52
10661.63,2018-03-06 20:00:00,10730.74,69.0,47.0,45.0,10.0,43.0,31.0,54.0,30.0,83.0,64.0,31.0,69.0,32.0,53.0,10594.07,24600.0,34700.0,10723.64,219984400.0,5053.7,53981300.49
10799.53,2018-03-06 21:00:00,10822.71,54.0,46.0,47.0,40.0,42.0,27.0,55.0,46.0,93.0,86.0,40.0,48.0,36.0,56.0,10660.85,24600.0,34700.0,10661.08,219984400.0,5130.89,55375796.24
10784.11,2018-03-06 22:00:00,10811.77,43.0,41.0,47.0,41.0,45.0,33.0,50.0,28.0,93.0,51.0,60.0,59.0,25.0,55.0,10734.56,24600.0,34700.0,10798.25,219984400.0,2673.72,28894539.34
10735.45,2018-03-06 23:00:00,10790.39,34.0,40.0,49.0,20.0,62.0,42.0,59.0,37.0,77.0,47.0,52.0,85.0,31.0,46.0,10613.26,24600.0,34700.0,10784.81,219984400.0,4695.58,50270968.23
10886.59,2018-03-07 00:00:00,10907.37,34.0,43.0,43.0,34.0,65.0,55.0,73.0,36.0,70.0,45.0,51.0,75.0,33.0,64.0,10731.66,24600.0,34700.0,10735.45,219984400.0,4266.14,46297189.13
10879.61,2018-03-07 01:00:00,10913.7,31.0,41.0,41.0,14.0,69.0,68.0,77.0,61.0,55.0,51.0,70.0,63.0,29.0,55.0,10821.59,24600.0,34700.0,10886.59,219984400.0,2708.63,29498435.98
10808.56,2018-03-07 02:00:00,10894.52,30.0,41.0,44.0,20.0,78.0,64.0,79.0,55.0,60.0,61.0,39.0,53.0,34.0,61.0,10759.45,24600.0,34700.0,10879.61,219984400.0,2725.56,29549888.7
10752.06,2018-03-07 03:00:00,10814.39,30.0,47.0,45.0,24.0,63.0,76.0,94.0,63.0,66.0,50.0,30.0,38.0,49.0,62.0,10703.81,24600.0,34700.0,10808.56,219984400.0,2695.48,29040698.37
10789.95,2018-03-07 04:00:00,10799.03,31.0,51.0,48.0,30.0,64.0,60.0,85.0,64.0,66.0,49.0,28.0,41.0,58.0,62.0,10724.72,24600.0,34700.0,10752.06,219984400.0,2599.36,28070669.88
10671.85,2018-03-07 05:00:00,10831.35,29.0,60.0,56.0,22.0,63.0,51.0,83.0,20.0,71.0,51.0,26.0,44.0,58.0,63.0,10656.82,24600.0,34700.0,10789.95,219984400.0,3082.06,33229532.69
10513.47,2018-03-07 06:00:00,10674.28,28.0,67.0,58.0,37.0,50.0,38.0,81.0,27.0,61.0,58.0,27.0,40.0,74.0,50.0,10504.32,24600.0,34700.0,10671.48,219984400.0,5322.05,56514633.26
10534.55,2018-03-07 07:00:00,10555.6,34.0,62.0,74.0,27.0,47.0,35.0,78.0,41.0,68.0,52.0,30.0,40.0,64.0,43.0,10449.32,24600.0,34700.0,10515.57,219984400.0,5735.46,60422842.95
10569.83,2018-03-07 08:00:00,10635.26,36.0,85.0,87.0,30.0,48.0,40.0,80.0,58.0,70.0,49.0,28.0,54.0,92.0,48.0,10533.11,24600.0,34700.0,10534.55,219984400.0,3516.9,37435373.03
10500.74,2018-03-07 09:00:00,10569.83,26.0,63.0,72.0,22.0,17.0,38.0,40.0,42.0,56.0,50.0,52.0,28.0,34.0,35.0,10449.07,27500.0,35800.0,10569.83,27500.0,3793.61,39993397.62
10512.56,2018-03-07 10:00:00,10584.13,29.0,55.0,79.0,29.0,16.0,34.0,39.0,44.0,54.0,41.0,54.0,32.0,25.0,37.0,10484.25,27500.0,35800.0,10503.32,27500.0,3098.06,32781459.64
10657.09,2018-03-07 11:00:00,10657.09,30.0,49.0,69.0,24.0,15.0,36.0,36.0,44.0,56.0,38.0,44.0,37.0,27.0,35.0,10482.21,27500.0,35800.0,10512.72,27500.0,4148.25,44014955.79
10620.53,2018-03-07 12:00:00,10682.65,32.0,42.0,60.0,16.0,16.0,37.0,35.0,47.0,55.0,39.0,45.0,29.0,25.0,38.0,10608.46,27500.0,35800.0,10654.09,27500.0,2548.73,27287807.86
10562.88,2018-03-07 13:00:00,10662.0,34.0,42.0,48.0,23.0,15.0,34.0,37.0,51.0,55.0,28.0,54.0,27.0,27.0,37.0,10542.26,27500.0,35800.0,10620.53,27500.0,2776.86,29559388.61
10682.75,2018-03-07 14:00:00,10685.34,38.0,40.0,50.0,20.0,13.0,34.0,35.0,47.0,53.0,34.0,46.0,32.0,25.0,32.0,10556.76,27500.0,35800.0,10562.65,27500.0,3062.76,32665579.4
10685.49,2018-03-07 15:00:00,10732.93,42.0,41.0,48.0,19.0,14.0,33.0,33.0,41.0,53.0,41.0,41.0,32.0,24.0,37.0,10631.5,27500.0,35800.0,10682.75,27500.0,4228.9,45381514.81
9969.97,2018-03-07 16:00:00,10709.85,43.0,43.0,45.0,18.0,13.0,35.0,33.0,53.0,47.0,53.0,46.0,33.0,28.0,38.0,9899.74,27500.0,35800.0,10685.49,27500.0,27146.66,276792993.55
9767.95,2018-03-07 17:00:00,10122.98,50.0,51.0,45.0,26.0,17.0,37.0,38.0,45.0,56.0,58.0,46.0,39.0,31.0,42.0,9470.73,27500.0,35800.0,9966.3,27500.0,42718.7,416978527.57
9711.37,2018-03-07 18:00:00,9949.74,88.0,61.0,70.0,27.0,29.0,58.0,62.0,47.0,79.0,85.0,66.0,100.0,40.0,53.0,9710.14,27500.0,35800.0,9767.93,27500.0,16301.34,160521467.76
9871.69,2018-03-07 19:00:00,9880.43,100.0,50.0,58.0,29.0,22.0,47.0,49.0,50.0,72.0,100.0,62.0,79.0,33.0,49.0,9653.34,27500.0,35800.0,9712.14,27500.0,9891.55,96666929.07
9785.93,2018-03-07 20:00:00,9873.75,84.0,50.0,62.0,44.0,21.0,46.0,48.0,46.0,85.0,88.0,61.0,67.0,34.0,51.0,9733.18,27500.0,35800.0,9873.75,27500.0,6029.06,59483874.54
9963.84,2018-03-07 21:00:00,9995.04,85.0,49.0,67.0,85.0,25.0,41.0,46.0,40.0,100.0,48.0,59.0,54.0,30.0,62.0,9785.77,27500.0,35800.0,9785.93,27500.0,8717.44,86774329.41
9954.54,2018-03-07 22:00:00,10130.08,55.0,44.0,58.0,100.0,23.0,47.0,41.0,49.0,92.0,64.0,76.0,64.0,28.0,57.0,9929.57,27500.0,35800.0,9963.7,27500.0,9752.68,98329897.89
9928.56,2018-03-07 23:00:00,9992.45,41.0,45.0,56.0,69.0,100.0,56.0,46.0,36.0,88.0,54.0,75.0,65.0,30.0,52.0,9847.85,27500.0,35800.0,9954.54,27500.0,6193.84,61577727.49
9967.03,2018-03-08 00:00:00,10043.01,38.0,43.0,51.0,28.0,63.0,71.0,52.0,77.0,59.0,59.0,83.0,78.0,29.0,52.0,9885.31,27500.0,35800.0,9928.56,27500.0,3943.03,39568648.78
9876.39,2018-03-08 01:00:00,10048.5,36.0,42.0,49.0,52.0,37.0,70.0,60.0,71.0,55.0,46.0,89.0,54.0,32.0,47.0,9832.59,27500.0,35800.0,9967.05,27500.0,4912.23,48964700.64
9635.13,2018-03-08 02:00:00,9877.65,35.0,49.0,48.0,43.0,33.0,86.0,67.0,60.0,49.0,67.0,52.0,44.0,38.0,59.0,9595.99,27500.0,35800.0,9876.39,27500.0,11152.07,108434788.2
9564.19,2018-03-08 03:00:00,9710.41,34.0,51.0,53.0,34.0,35.0,93.0,68.0,52.0,61.0,77.0,53.0,36.0,40.0,70.0,9534.02,27500.0,35800.0,9635.13,27500.0,5205.74,50314811.64
9798.83,2018-03-08 04:00:00,9799.76,32.0,51.0,56.0,32.0,36.0,66.0,78.0,75.0,67.0,56.0,52.0,37.0,53.0,72.0,9548.53,27500.0,35800.0,9564.19,27500.0,5489.38,53366714.85
9814.47,2018-03-08 05:00:00,9842.59,34.0,57.0,62.0,32.0,31.0,53.0,80.0,44.0,65.0,54.0,39.0,35.0,74.0,67.0,9710.12,27500.0,35800.0,9798.37,27500.0,3691.69,36240396.72
9767.56,2018-03-08 06:00:00,9873.04,28.0,60.0,65.0,35.0,23.0,59.0,64.0,45.0,55.0,65.0,41.0,41.0,77.0,58.0,9741.07,27500.0,35800.0,9814.47,27500.0,3044.25,29985082.03
9972.2,2018-03-08 07:00:00,10006.49,34.0,87.0,69.0,29.0,20.0,54.0,58.0,37.0,58.0,61.0,34.0,31.0,63.0,44.0,9717.32,27500.0,35800.0,9767.4,27500.0,6525.42,64886968.94
9928.15,2018-03-08 08:00:00,9985.92,31.0,58.0,80.0,25.0,17.0,44.0,50.0,55.0,53.0,49.0,42.0,35.0,37.0,40.0,9865.07,27500.0,35800.0,9973.03,27500.0,3606.39,35937311.61
10075.62,2018-03-08 09:00:00,10119.21,30.0,57.0,77.0,33.0,17.0,40.0,43.0,48.0,55.0,49.0,28.0,29.0,44.0,37.0,9925.58,25600.0,33200.0,9925.58,174234700.0,5630.42,56768331.22
10034.14,2018-03-08 10:00:00,10092.13,30.0,44.0,87.0,31.0,20.0,36.0,36.0,34.0,55.0,50.0,47.0,34.0,22.0,38.0,9954.76,26100.0,36600.0,10075.62,179188100.0,3052.2,30678970.31
9950.43,2018-03-08 11:00:00,10050.16,31.0,43.0,66.0,47.0,17.0,32.0,38.0,48.0,55.0,40.0,48.0,30.0,24.0,40.0,9942.78,26100.0,36600.0,10034.14,179188100.0,2686.58,26984761.8
9798.12,2018-03-08 12:00:00,10002.65,37.0,41.0,65.0,32.0,20.0,41.0,35.0,43.0,57.0,47.0,41.0,35.0,30.0,39.0,9750.86,26100.0,36600.0,9950.58,179188100.0,6107.11,60327700.25
9918.54,2018-03-08 13:00:00,9920.0,41.0,40.0,59.0,20.0,18.0,39.0,39.0,62.0,57.0,42.0,42.0,40.0,27.0,36.0,9700.6,26100.0,36600.0,9798.12,179188100.0,5542.35,54464257.8
9777.84,2018-03-08 14:00:00,9923.02,43.0,41.0,56.0,27.0,19.0,36.0,37.0,55.0,53.0,42.0,42.0,35.0,29.0,37.0,9768.06,26100.0,36600.0,9917.64,179188100.0,3311.17,32680962.6
9931.35,2018-03-08 15:00:00,9953.02,47.0,43.0,50.0,22.0,16.0,35.0,38.0,53.0,48.0,44.0,37.0,39.0,26.0,38.0,9773.68,26100.0,36600.0,9777.84,179188100.0,4333.39,42984740.4
9456.22,2018-03-08 16:00:00,9935.77,50.0,44.0,49.0,22.0,14.0,35.0,34.0,49.0,46.0,55.0,43.0,38.0,34.0,38.0,9390.2,26100.0,36600.0,9932.0,179188100.0,12786.96,123147091.86
9318.13,2018-03-08 17:00:00,9461.11,55.0,39.0,46.0,44.0,16.0,35.0,35.0,50.0,44.0,65.0,43.0,37.0,30.0,40.0,9086.85,26100.0,36600.0,9460.63,179188100.0,27157.76,252090133.96
9374.01,2018-03-08 18:00:00,9454.6,76.0,48.0,57.0,42.0,22.0,44.0,49.0,59.0,64.0,63.0,45.0,61.0,34.0,46.0,9233.2,26100.0,36600.0,9321.92,179188100.0,10411.71,97407616.05
9390.0,2018-03-08 19:00:00,9410.34,80.0,47.0,51.0,45.0,21.0,39.0,40.0,36.0,66.0,70.0,53.0,50.0,35.0,50.0,9283.97,26100.0,36600.0,9376.6,179188100.0,5844.46,54820720.57
9406.59,2018-03-08 20:00:00,9415.06,68.0,45.0,49.0,23.0,19.0,38.0,36.0,44.0,72.0,64.0,50.0,60.0,35.0,46.0,9306.42,26100.0,36600.0,9392.22,179188100.0,4991.08,46844703.28
9352.21,2018-03-08 21:00:00,9483.65,52.0,47.0,50.0,46.0,19.0,40.0,34.0,31.0,75.0,62.0,50.0,68.0,32.0,52.0,9350.44,26100.0,36600.0,9406.96,179188100.0,5402.04,51126554.55
9289.18,2018-03-08 22:00:00,9426.39,42.0,41.0,44.0,31.0,24.0,42.0,37.0,53.0,77.0,61.0,66.0,62.0,27.0,53.0,9264.84,26100.0,36600.0,9352.86,179188100.0,5339.09,50000769.84
9316.72,2018-03-08 23:00:00,9381.06,34.0,43.0,45.0,32.0,29.0,57.0,47.0,38.0,79.0,50.0,58.0,59.0,33.0,51.0,9288.95,26100.0,36600.0,9289.18,179188100.0,4712.7,44209352.07
9392.97,2018-03-09 00:00:00,9433.38,31.0,41.0,44.0,41.0,31.0,66.0,55.0,37.0,62.0,54.0,89.0,64.0,34.0,45.0,9316.07,26100.0,36600.0,9316.77,179188100.0,4161.31,39225468.5
9120.65,2018-03-09 01:00:00,9393.15,29.0,41.0,46.0,32.0,31.0,63.0,60.0,51.0,53.0,65.0,73.0,54.0,33.0,60.0,8994.3,26100.0,36600.0,9392.97,179188100.0,14932.7,136928647.52
9028.6,2018-03-09 02:00:00,9137.92,31.0,48.0,48.0,31.0,45.0,77.0,70.0,61.0,54.0,77.0,60.0,43.0,42.0,78.0,8913.74,26100.0,36600.0,9120.84,179188100.0,14641.34,132404242.23
8999.69,2018-03-09 03:00:00,9059.81,40.0,57.0,60.0,42.0,51.0,100.0,91.0,82.0,73.0,75.0,68.0,52.0,48.0,73.0,8964.15,26100.0,36600.0,9028.69,179188100.0,6196.88,56087766.96
8667.29,2018-03-09 04:00:00,9004.51,35.0,63.0,65.0,52.0,40.0,67.0,79.0,72.0,83.0,64.0,49.0,35.0,61.0,88.0,8602.4,26100.0,36600.0,8999.69,179188100.0,19526.26,171184396.55
8520.29,2018-03-09 05:00:00,8782.26,40.0,84.0,80.0,38.0,50.0,91.0,100.0,73.0,93.0,74.0,52.0,50.0,89.0,100.0,8482.98,26100.0,36600.0,8667.29,179188100.0,13269.05,115041265.81
8849.5,2018-03-09 06:00:00,8883.64,39.0,90.0,81.0,49.0,43.0,68.0,95.0,50.0,90.0,65.0,56.0,51.0,87.0,80.0,8393.45,26100.0,36600.0,8520.25,179188100.0,19039.07,164580896.09
8744.58,2018-03-09 07:00:00,8887.76,42.0,100.0,88.0,33.0,39.0,77.0,99.0,60.0,85.0,69.0,56.0,47.0,79.0,58.0,8724.45,26100.0,36600.0,8855.52,179188100.0,9900.41,87542992.19
8699.71,2018-03-09 08:00:00,8865.5,39.0,91.0,86.0,40.0,27.0,49.0,73.0,50.0,67.0,52.0,68.0,41.0,100.0,48.0,8649.91,26100.0,36600.0,8745.67,179188100.0,9247.95,81043016.12
8576.9,2018-03-09 09:00:00,8754.9,33.0,80.0,100.0,43.0,24.0,46.0,59.0,58.0,64.0,51.0,60.0,38.0,46.0,39.0,8428.39,25600.0,33200.0,8699.71,174234700.0,11148.22,96041860.78
8767.87,2018-03-09 10:00:00,8805.45,35.0,81.0,92.0,41.0,23.0,50.0,54.0,42.0,69.0,53.0,52.0,49.0,42.0,44.0,8498.77,27000.0,33900.0,8576.9,166345500.0,8985.09,78267338.26
8969.42,2018-03-09 11:00:00,8980.25,40.0,73.0,82.0,50.0,23.0,49.0,50.0,54.0,62.0,40.0,59.0,38.0,40.0,48.0,8709.42,27000.0,33900.0,8773.86,166345500.0,7700.12,68478462.03
9008.22,2018-03-09 12:00:00,9072.05,41.0,65.0,81.0,53.0,22.0,43.0,47.0,43.0,66.0,42.0,57.0,41.0,31.0,45.0,8919.49,27000.0,33900.0,8969.42,166345500.0,7892.11,71276229.36
8947.14,2018-03-09 13:00:00,9026.91,41.0,51.0,78.0,32.0,19.0,41.0,46.0,39.0,65.0,39.0,43.0,38.0,29.0,37.0,8867.95,27000.0,33900.0,9008.22,166345500.0,5758.6,51813360.47
9166.39,2018-03-09 14:00:00,9167.02,51.0,45.0,65.0,36.0,20.0,41.0,46.0,61.0,62.0,35.0,44.0,43.0,31.0,40.0,8938.83,27000.0,33900.0,8947.14,166345500.0,8008.08,73173152.21
8978.47,2018-03-09 15:00:00,9168.6,50.0,51.0,62.0,25.0,18.0,38.0,41.0,68.0,57.0,46.0,54.0,38.0,36.0,41.0,8940.86,27000.0,33900.0,9164.44,166345500.0,8119.77,73769819.2
8720.82,2018-03-09 16:00:00,9081.74,56.0,45.0,59.0,37.0,18.0,38.0,41.0,46.0,56.0,57.0,49.0,38.0,35.0,42.0,8684.46,27000.0,33900.0,8978.07,166345500.0,13271.16,117325030.06
8771.11,2018-03-09 17:00:00,8862.06,56.0,47.0,58.0,35.0,18.0,41.0,40.0,62.0,54.0,59.0,48.0,39.0,35.0,41.0,8701.1,27000.0,33900.0,8722.62,166345500.0,6925.65,61165374.68
8913.09,2018-03-09 18:00:00,8968.25,68.0,46.0,59.0,26.0,19.0,38.0,41.0,60.0,59.0,69.0,52.0,47.0,33.0,41.0,8773.25,27000.0,33900.0,8773.25,166345500.0,6913.66,61582531.27
8803.78,2018-03-09 19:00:00,8913.15,67.0,45.0,53.0,35.0,18.0,36.0,37.0,46.0,60.0,48.0,46.0,47.0,31.0,39.0,8663.97,27000.0,33900.0,8912.61,166345500.0,7206.97,63275347.66
9002.78,2018-03-09 20:00:00,9024.22,69.0,48.0,52.0,11.0,15.0,34.0,39.0,55.0,69.0,81.0,54.0,39.0,34.0,42.0,8763.41,27000.0,33900.0,8803.46,166345500.0,5807.6,51820163.44
9008.97,2018-03-09 21:00:00,9141.63,52.0,50.0,51.0,0.0,18.0,32.0,36.0,30.0,76.0,47.0,59.0,59.0,33.0,46.0,8965.75,27000.0,33900.0,9008.06,166345500.0,8407.64,76556901.25
9243.63,2018-03-09 22:00:00,9263.16,40.0,54.0,48.0,33.0,18.0,35.0,40.0,37.0,79.0,54.0,61.0,56.0,30.0,41.0,8964.7,27000.0,33900.0,9011.08,166345500.0,8026.06,73613790.41
9252.76,2018-03-09 23:00:00,9366.05,36.0,48.0,49.0,24.0,21.0,47.0,41.0,49.0,82.0,40.0,82.0,49.0,29.0,44.0,9182.04,27000.0,33900.0,9243.63,166345500.0,8512.44,79423369.64
9338.27,2018-03-10 00:00:00,9352.8,27.0,42.0,47.0,14.0,22.0,53.0,47.0,61.0,63.0,49.0,100.0,46.0,27.0,35.0,9251.06,27000.0,33900.0,9252.76,166345500.0,7683.75,71877141.81
9317.67,2018-03-10 01:00:00,9432.95,28.0,50.0,46.0,56.0,28.0,55.0,52.0,72.0,54.0,50.0,91.0,45.0,33.0,46.0,9291.01,27000.0,33900.0,9337.64,166345500.0,7915.85,74361132.51
9312.3,2018-03-10 02:00:00,9356.94,25.0,55.0,42.0,25.0,30.0,57.0,52.0,67.0,49.0,50.0,55.0,43.0,36.0,45.0,9247.9,27000.0,33900.0,9317.4,166345500.0,4481.15,41865082.82
9265.28,2018-03-10 03:00:00,9317.33,28.0,51.0,43.0,31.0,31.0,61.0,59.0,52.0,56.0,39.0,33.0,37.0,39.0,54.0,9138.81,27000.0,33900.0,9312.3,166345500.0,5961.41,54977682.84
9333.16,2018-03-10 04:00:00,9354.05,25.0,49.0,52.0,34.0,30.0,46.0,59.0,21.0,58.0,34.0,39.0,31.0,39.0,61.0,9228.25,27000.0,33900.0,9265.28,166345500.0,3082.91,28808763.55
9366.76,2018-03-10 05:00:00,9377.61,27.0,56.0,55.0,32.0,24.0,47.0,53.0,63.0,61.0,37.0,47.0,32.0,58.0,56.0,9242.44,27000.0,33900.0,9332.16,166345500.0,3506.56,32798765.55
9456.77,2018-03-10 06:00:00,9518.62,26.0,59.0,59.0,31.0,23.0,39.0,60.0,63.0,56.0,35.0,35.0,31.0,84.0,56.0,9366.61,27000.0,33900.0,9366.76,166345500.0,6816.78,64835695.6
9370.57,2018-03-10 07:00:00,9477.97,27.0,64.0,60.0,11.0,20.0,43.0,58.0,48.0,60.0,39.0,45.0,32.0,35.0,50.0,9365.82,27000.0,33900.0,9456.06,166345500.0,3874.22,36642807.78
9356.62,2018-03-10 08:00:00,9445.28,24.0,83.0,69.0,24.0,18.0,34.0,47.0,32.0,57.0,42.0,40.0,32.0,63.0,44.0,9349.89,27000.0,33900.0,9370.21,166345500.0,3329.1,31385056.72
9247.86,2018-03-10 09:00:00,9378.22,24.0,68.0,75.0,19.0,16.0,34.0,41.0,53.0,52.0,36.0,40.0,29.0,57.0,39.0,9246.97,25600.0,33200.0,9357.3,174234700.0,4490.11,41904088.79
9356.02,2018-03-10 10:00:00,9366.94,26.0,62.0,67.0,42.0,15.0,31.0,36.0,43.0,50.0,35.0,56.0,28.0,39.0,39.0,9201.61,21400.0,26500.0,9247.86,240646400.0,3024.22,28178874.5
9377.05,2018-03-10 11:00:00,9407.92,25.0,52.0,78.0,24.0,15.0,34.0,34.0,45.0,50.0,28.0,43.0,29.0,37.0,36.0,9308.08,21400.0,26500.0,9356.18,240646400.0,2215.3,20870700.53
9307.22,2018-03-10 12:00:00,9379.4,27.0,44.0,57.0,33.0,14.0,33.0,32.0,30.0,56.0,33.0,46.0,29.0,28.0,33.0,9269.52,21400.0,26500.0,9377.62,240646400.0,2585.87,24212514.65
9299.41,2018-03-10 13:00:00,9341.78,30.0,46.0,50.0,27.0,15.0,34.0,29.0,54.0,53.0,31.0,52.0,28.0,25.0,31.0,9255.76,21400.0,26500.0,9308.33,240646400.0,2325.34,21689329.84
9450.84,2018-03-10 14:00:00,9495.74,33.0,44.0,47.0,19.0,13.0,34.0,27.0,50.0,52.0,31.0,39.0,25.0,25.0,32.0,9298.81,21400.0,26500.0,9298.88,240646400.0,5273.83,50052327.5
9379.18,2018-03-10 15:00:00,9494.1,39.0,43.0,42.0,26.0,13.0,35.0,29.0,47.0,48.0,34.0,50.0,31.0,28.0,33.0,9361.16,21400.0,26500.0,9451.02,240646400.0,3469.32,32876107.82
9420.13,2018-03-10 16:00:00,9434.36,37.0,42.0,44.0,23.0,12.0,32.0,26.0,45.0,47.0,35.0,52.0,31.0,26.0,34.0,9358.98,21400.0,26500.0,9378.92,240646400.0,2248.49,21205516.26
9168.58,2018-03-10 17:00:00,9433.29,41.0,42.0,41.0,36.0,12.0,28.0,26.0,44.0,46.0,49.0,61.0,33.0,31.0,35.0,9160.1,21400.0,26500.0,9420.25,240646400.0,6731.32,62424638.08
9108.27,2018-03-10 18:00:00,9171.25,33.0,40.0,38.0,24.0,18.0,31.0,27.0,46.0,45.0,41.0,46.0,27.0,29.0,31.0,9000.08,21400.0,26500.0,9171.25,240646400.0,8882.84,80910749.65
9127.13,2018-03-10 19:00:00,9149.0,59.0,43.0,35.0,6.0,14.0,27.0,27.0,39.0,55.0,41.0,51.0,39.0,28.0,35.0,9027.69,21400.0,26500.0,9108.27,240646400.0,4350.31,39674394.34
8872.81,2018-03-10 20:00:00,9129.65,44.0,40.0,35.0,39.0,13.0,31.0,27.0,36.0,59.0,72.0,47.0,31.0,31.0,36.0,8850.56,21400.0,26500.0,9127.13,240646400.0,7669.71,68805687.67
8834.33,2018-03-10 21:00:00,8873.89,43.0,43.0,36.0,41.0,14.0,31.0,28.0,40.0,72.0,34.0,60.0,21.0,32.0,39.0,8784.33,21400.0,26500.0,8873.17,240646400.0,6654.76,58901313.98
8856.11,2018-03-10 22:00:00,8894.79,35.0,47.0,37.0,32.0,15.0,42.0,32.0,27.0,76.0,54.0,78.0,53.0,33.0,40.0,8727.43,21400.0,26500.0,8836.62,240646400.0,6514.18,57540920.75
8797.27,2018-03-10 23:00:00,8861.15,33.0,45.0,35.0,62.0,17.0,46.0,33.0,37.0,65.0,50.0,82.0,57.0,32.0,44.0,8754.43,21400.0,26500.0,8856.11,240646400.0,4322.03,38126502.18
8511.32,2018-03-11 00:00:00,8802.33,32.0,48.0,37.0,59.0,21.0,48.0,40.0,60.0,57.0,43.0,72.0,49.0,35.0,39.0,8484.32,21400.0,26500.0,8797.27,240646400.0,11015.89,94911051.35
8617.01,2018-03-11 01:00:00,8672.85,31.0,46.0,37.0,50.0,26.0,62.0,50.0,65.0,50.0,38.0,83.0,62.0,36.0,56.0,8511.32,21400.0,26500.0,8511.32,240646400.0,5636.73,48711391.11
8741.22,2018-03-11 02:00:00,8760.81,29.0,49.0,41.0,53.0,30.0,57.0,56.0,55.0,48.0,45.0,68.0,48.0,36.0,38.0,8561.04,21400.0,26500.0,8617.04,240646400.0,4660.45,40516196.02
8637.92,2018-03-11 03:00:00,8742.24,27.0,53.0,38.0,48.0,26.0,54.0,53.0,82.0,52.0,34.0,54.0,39.0,50.0,51.0,8531.8,21400.0,26500.0,8741.22,240646400.0,5393.86,46649617.27
8695.83,2018-03-11 04:00:00,8729.8,24.0,52.0,43.0,25.0,30.0,71.0,59.0,53.0,57.0,36.0,45.0,28.0,54.0,53.0,8598.81,21400.0,26500.0,8637.92,240646400.0,2975.21,25885053.68
8846.22,2018-03-11 05:00:00,8847.93,24.0,56.0,47.0,30.0,28.0,64.0,48.0,35.0,56.0,33.0,40.0,36.0,54.0,60.0,8646.05,21400.0,26500.0,8697.79,240646400.0,4055.55,35634407.49
8823.02,2018-03-11 06:00:00,8853.66,28.0,68.0,46.0,15.0,22.0,47.0,49.0,44.0,56.0,38.0,40.0,30.0,79.0,55.0,8792.86,21400.0,26500.0,8844.53,240646400.0,3513.49,31109745.96
8730.69,2018-03-11 07:00:00,8826.91,26.0,72.0,51.0,29.0,17.0,38.0,48.0,41.0,53.0,32.0,40.0,27.0,70.0,47.0,8684.47,21400.0,26500.0,8823.02,240646400.0,3055.78,26894518.65
8813.12,2018-03-11 08:00:00,8819.21,23.0,63.0,64.0,31.0,16.0,35.0,39.0,62.0,52.0,41.0,46.0,32.0,64.0,40.0,8729.93,21400.0,26500.0,8730.31,240646400.0,3043.33,26837573.21
8655.5,2018-03-11 09:00:00,8815.43,23.0,59.0,71.0,19.0,15.0,34.0,41.0,41.0,52.0,36.0,42.0,29.0,79.0,37.0,8620.47,25600.0,33200.0,8810.96,174234700.0,3545.09,30959185.93
8730.94,2018-03-11 10:00:00,8734.3,25.0,54.0,67.0,28.0,15.0,32.0,35.0,42.0,49.0,36.0,39.0,29.0,50.0,38.0,8586.09,24800.0,28600.0,8654.52,149377800.0,4735.85,41150077.75
9060.39,2018-03-11 11:00:00,9098.91,29.0,54.0,65.0,20.0,14.0,36.0,34.0,44.0,53.0,26.0,39.0,29.0,52.0,36.0,8671.63,24800.0,28600.0,8730.94,149377800.0,7637.46,68158357.98
9194.01,2018-03-11 12:00:00,9284.02,34.0,48.0,51.0,30.0,14.0,34.0,34.0,65.0,55.0,34.0,43.0,33.0,36.0,40.0,9048.87,24800.0,28600.0,9069.56,149377800.0,11655.18,107352532.45
9229.34,2018-03-11 13:00:00,9360.3,32.0,44.0,47.0,28.0,13.0,30.0,29.0,54.0,58.0,34.0,50.0,31.0,32.0,35.0,9186.92,24800.0,28600.0,9193.94,149377800.0,7204.96,67113679.25
9213.06,2018-03-11 14:00:00,9330.45,34.0,44.0,39.0,31.0,12.0,31.0,29.0,54.0,52.0,36.0,42.0,32.0,28.0,31.0,9163.44,24800.0,28600.0,9229.59,149377800.0,5136.57,47647493.36
9095.36,2018-03-11 15:00:00,9278.9,41.0,41.0,44.0,27.0,11.0,34.0,31.0,67.0,54.0,45.0,41.0,32.0,28.0,31.0,9078.4,24800.0,28600.0,9213.08,149377800.0,5396.83,49566154.81
9211.75,2018-03-11 16:00:00,9290.97,38.0,42.0,38.0,16.0,11.0,30.0,27.0,45.0,49.0,55.0,41.0,31.0,29.0,34.0,9095.36,24800.0,28600.0,9095.36,149377800.0,5100.28,47172227.8
9642.58,2018-03-11 17:00:00,9684.03,43.0,41.0,39.0,61.0,11.0,29.0,27.0,41.0,50.0,37.0,33.0,32.0,30.0,31.0,9207.31,24800.0,28600.0,9211.79,149377800.0,15345.16,146128425.79
9619.32,2018-03-11 18:00:00,9726.67,53.0,39.0,36.0,23.0,12.0,31.0,30.0,58.0,57.0,61.0,39.0,37.0,34.0,31.0,9564.74,24800.0,28600.0,9642.82,149377800.0,8614.82,83223029.85
9649.62,2018-03-11 19:00:00,9707.2,63.0,38.0,35.0,38.0,13.0,30.0,27.0,45.0,59.0,56.0,51.0,30.0,38.0,41.0,9574.55,24800.0,28600.0,9619.32,149377800.0,5749.72,55572991.13
9622.65,2018-03-11 20:00:00,9657.36,49.0,38.0,34.0,45.0,13.0,30.0,29.0,40.0,63.0,77.0,48.0,35.0,32.0,41.0,9464.74,24800.0,28600.0,9649.62,149377800.0,8489.68,81284065.73
9530.17,2018-03-11 21:00:00,9651.86,41.0,39.0,35.0,0.0,14.0,33.0,31.0,40.0,72.0,48.0,57.0,44.0,28.0,43.0,9529.79,24800.0,28600.0,9622.65,149377800.0,4043.94,38967819.35
9523.52,2018-03-11 22:00:00,9735.64,34.0,35.0,34.0,47.0,16.0,39.0,31.0,48.0,75.0,37.0,46.0,39.0,35.0,45.0,9523.33,24800.0,28600.0,9530.17,149377800.0,8404.72,81244621.94
9544.84,2018-03-11 23:00:00,9580.59,27.0,38.0,35.0,53.0,20.0,45.0,39.0,51.0,66.0,41.0,73.0,57.0,33.0,49.0,9450.39,24800.0,28600.0,9528.02,149377800.0,5467.13,52124426.36
9611.28,2018-03-12 00:00:00,9660.79,27.0,38.0,39.0,29.0,22.0,53.0,50.0,48.0,57.0,28.0,61.0,42.0,34.0,48.0,9543.98,24800.0,28600.0,9543.98,149377800.0,4044.38,39038487.68
9545.91,2018-03-12 01:00:00,9709.4,25.0,41.0,38.0,45.0,26.0,65.0,57.0,66.0,41.0,48.0,57.0,44.0,35.0,50.0,9495.44,24800.0,28600.0,9611.32,149377800.0,4468.26,43062141.84
9588.7,2018-03-12 02:00:00,9624.25,26.0,42.0,40.0,25.0,25.0,74.0,56.0,56.0,49.0,55.0,56.0,30.0,36.0,61.0,9505.53,24800.0,28600.0,9545.91,149377800.0,2796.5,26862935.66
9445.99,2018-03-12 03:00:00,9630.92,25.0,48.0,44.0,28.0,26.0,60.0,62.0,41.0,52.0,54.0,30.0,26.0,42.0,54.0,9388.66,24800.0,28600.0,9588.7,149377800.0,5915.65,56122391.88
9557.78,2018-03-12 04:00:00,9585.61,25.0,46.0,54.0,32.0,21.0,51.0,56.0,65.0,55.0,42.0,30.0,27.0,54.0,47.0,9404.76,24800.0,28600.0,9445.19,149377800.0,3860.41,36751764.74
9582.34,2018-03-12 05:00:00,9627.76,26.0,55.0,56.0,39.0,20.0,42.0,49.0,100.0,56.0,51.0,36.0,26.0,64.0,55.0,9503.46,24800.0,28600.0,9556.79,149377800.0,2903.04,27941014.82
9609.7,2018-03-12 06:00:00,9699.47,24.0,64.0,62.0,26.0,17.0,35.0,53.0,55.0,53.0,49.0,36.0,28.0,78.0,50.0,9551.32,24800.0,28600.0,9582.34,149377800.0,3431.62,33203291.21
9612.22,2018-03-12 07:00:00,9643.07,26.0,76.0,75.0,32.0,17.0,38.0,49.0,36.0,53.0,52.0,32.0,31.0,51.0,41.0,9545.29,24800.0,28600.0,9609.65,149377800.0,2690.97,25972815.64
9548.87,2018-03-12 08:00:00,9637.61,30.0,75.0,73.0,25.0,15.0,35.0,44.0,55.0,56.0,54.0,41.0,28.0,47.0,35.0,9516.49,24800.0,28600.0,9611.2,149377800.0,2966.33,28501372.95
9825.04,2018-03-12 09:00:00,9878.41,27.0,52.0,78.0,29.0,15.0,35.0,37.0,47.0,54.0,54.0,39.0,33.0,52.0,36.0,9529.55,25600.0,33200.0,9550.21,174234700.0,9165.83,89779977.21
9846.33,2018-03-12 10:00:00,9907.41,27.0,54.0,74.0,33.0,15.0,31.0,36.0,42.0,54.0,53.0,52.0,35.0,39.0,35.0,9789.53,25600.0,33200.0,9825.04,174234700.0,6074.09,60039451.14
9851.64,2018-03-12 11:00:00,9863.15,31.0,54.0,66.0,33.0,15.0,36.0,35.0,45.0,54.0,44.0,59.0,33.0,34.0,37.0,9778.83,25600.0,33200.0,9846.63,174234700.0,3008.01,29656168.52
9801.74,2018-03-12 12:00:00,9851.64,34.0,45.0,63.0,31.0,18.0,40.0,36.0,50.0,56.0,36.0,49.0,33.0,27.0,36.0,9774.37,25600.0,33200.0,9851.64,174234700.0,2431.49,23928015.22
9793.56,2018-03-12 13:00:00,9813.8,37.0,43.0,51.0,24.0,15.0,38.0,37.0,68.0,55.0,40.0,42.0,36.0,28.0,36.0,9721.61,25600.0,33200.0,9801.93,174234700.0,4485.57,43975834.24
9255.09,2018-03-12 14:00:00,9793.84,36.0,45.0,47.0,34.0,14.0,34.0,37.0,46.0,50.0,34.0,45.0,38.0,27.0,35.0,9229.62,25600.0,33200.0,9793.5,174234700.0,16403.14,155670823.16
9204.57,2018-03-12 15:00:00,9357.52,40.0,43.0,50.0,47.0,14.0,35.0,39.0,43.0,47.0,41.0,47.0,37.0,28.0,40.0,9164.83,25600.0,33200.0,9255.09,174234700.0,10069.78,93661839.68
9203.08,2018-03-12 16:00:00,9266.09,50.0,44.0,48.0,34.0,15.0,42.0,36.0,51.0,47.0,64.0,49.0,40.0,31.0,42.0,9036.31,25600.0,33200.0,9199.69,174234700.0,12355.79,113347075.75
9191.58,2018-03-12 17:00:00,9301.32,52.0,46.0,50.0,34.0,16.0,34.0,41.0,45.0,50.0,49.0,43.0,45.0,35.0,42.0,9075.13,25600.0,33200.0,9203.08,174234700.0,8881.03,81870768.24
9215.74,2018-03-12 18:00:00,9256.64,55.0,41.0,46.0,9.0,15.0,33.0,36.0,47.0,46.0,61.0,46.0,37.0,33.0,38.0,9162.37,28700.0,33900.0,9192.52,239927000.0,4675.18,43181762.17
8940.92,2018-03-12 19:00:00,9225.04,56.0,39.0,42.0,38.0,13.0,34.0,32.0,52.0,54.0,81.0,54.0,38.0,29.0,40.0,8882.91,28700.0,33900.0,9215.88,239927000.0,13475.03,121472886.89
9027.08,2018-03-12 20:00:00,9065.17,55.0,46.0,48.0,23.0,15.0,31.0,35.0,46.0,63.0,68.0,55.0,31.0,33.0,43.0,8796.52,28700.0,33900.0,8940.94,239927000.0,11908.41,106504465.53
9125.6,2018-03-12 21:00:00,9144.6,44.0,45.0,44.0,44.0,17.0,35.0,36.0,43.0,70.0,65.0,58.0,51.0,23.0,48.0,8963.0,28700.0,33900.0,9027.08,239927000.0,5034.12,45696236.45
9073.48,2018-03-12 22:00:00,9187.87,38.0,41.0,41.0,58.0,20.0,42.0,34.0,42.0,74.0,47.0,74.0,68.0,30.0,50.0,9038.48,28700.0,33900.0,9125.44,239927000.0,6449.58,58995187.92
9142.15,2018-03-12 23:00:00,9237.03,24.0,42.0,40.0,9.0,21.0,52.0,45.0,54.0,62.0,43.0,80.0,56.0,28.0,41.0,9073.42,28700.0,33900.0,9073.47,239927000.0,5465.57,50167491.86
9254.52,2018-03-13 00:00:00,9275.22,27.0,40.0,43.0,41.0,25.0,64.0,49.0,53.0,57.0,44.0,72.0,59.0,28.0,49.0,9067.78,28700.0,33900.0,9142.27,239927000.0,5981.07,54979296.18
9107.94,2018-03-13 01:00:00,9255.96,23.0,44.0,41.0,27.0,29.0,76.0,52.0,15.0,43.0,46.0,51.0,42.0,26.0,54.0,9107.94,28700.0,33900.0,9255.96,239927000.0,4524.15,41642633.57
9139.88,2018-03-13 02:00:00,9194.9,26.0,45.0,45.0,34.0,28.0,73.0,53.0,30.0,42.0,59.0,51.0,36.0,33.0,45.0,9096.45,28700.0,33900.0,9111.06,239927000.0,3151.26,28901389.36
9061.51,2018-03-13 03:00:00,9146.03,24.0,52.0,48.0,22.0,30.0,67.0,60.0,63.0,51.0,65.0,38.0,33.0,34.0,36.0,8979.74,28700.0,33900.0,9136.67,239927000.0,5408.86,49019088.94
9393.9,2018-03-13 04:00:00,9462.31,23.0,55.0,52.0,32.0,27.0,57.0,64.0,84.0,55.0,55.0,29.0,28.0,44.0,61.0,9039.43,28700.0,33900.0,9061.51,239927000.0,9797.89,91503969.89
9397.49,2018-03-13 05:00:00,9425.17,25.0,58.0,60.0,24.0,24.0,41.0,61.0,52.0,58.0,50.0,27.0,31.0,53.0,61.0,9336.91,28700.0,33900.0,9394.25,239927000.0,3427.76,32247351.14
9365.94,2018-03-13 06:00:00,9486.12,23.0,71.0,57.0,35.0,19.0,45.0,60.0,57.0,54.0,54.0,28.0,30.0,73.0,49.0,9353.65,28700.0,33900.0,9397.51,239927000.0,5028.72,47499083.36
9217.73,2018-03-13 07:00:00,9406.7,22.0,60.0,57.0,31.0,17.0,41.0,50.0,37.0,50.0,39.0,41.0,27.0,47.0,37.0,9114.66,28700.0,33900.0,9363.08,239927000.0,7440.18,68788143.52
9180.9,2018-03-13 08:00:00,9228.89,21.0,66.0,67.0,24.0,15.0,29.0,40.0,23.0,48.0,44.0,39.0,29.0,94.0,32.0,9073.07,28700.0,33900.0,9218.84,239927000.0,4800.68,44082887.95
9280.0,2018-03-13 09:00:00,9371.6,22.0,53.0,66.0,22.0,14.0,30.0,34.0,35.0,47.0,41.0,41.0,26.0,26.0,28.0,9173.73,25600.0,33200.0,9180.9,174234700.0,4047.27,37722807.13
8903.31,2018-03-13 10:00:00,9322.81,23.0,45.0,70.0,28.0,13.0,30.0,33.0,51.0,48.0,44.0,42.0,24.0,33.0,31.0,8902.32,25600.0,33200.0,9280.7,174234700.0,7762.76,70692920.03
9070.46,2018-03-13 11:00:00,9103.36,24.0,47.0,59.0,27.0,13.0,32.0,33.0,31.0,45.0,41.0,48.0,29.0,22.0,30.0,8903.14,25600.0,33200.0,8910.37,174234700.0,6387.52,57713438.51
8961.77,2018-03-13 12:00:00,9070.61,34.0,45.0,55.0,21.0,16.0,35.0,33.0,51.0,55.0,35.0,49.0,35.0,32.0,31.0,8856.65,25600.0,33200.0,9069.92,174234700.0,7954.74,71599912.92
9137.55,2018-03-13 13:00:00,9259.04,36.0,44.0,53.0,28.0,14.0,35.0,35.0,52.0,53.0,38.0,46.0,29.0,26.0,34.0,8955.1,25600.0,33200.0,8962.03,174234700.0,10290.97,94283912.84
9100.86,2018-03-13 14:00:00,9201.74,35.0,43.0,45.0,25.0,13.0,32.0,33.0,33.0,52.0,36.0,47.0,34.0,24.0,32.0,9047.41,25600.0,33200.0,9137.55,174234700.0,5644.89,51625716.79
9094.9,2018-03-13 15:00:00,9132.68,40.0,42.0,44.0,31.0,13.0,32.0,32.0,59.0,46.0,36.0,42.0,28.0,25.0,33.0,8973.54,25600.0,33200.0,9100.86,174234700.0,5048.54,45853025.98
9243.51,2018-03-13 16:00:00,9317.64,44.0,48.0,41.0,24.0,13.0,32.0,33.0,51.0,50.0,45.0,44.0,33.0,34.0,37.0,8980.48,25600.0,33200.0,9095.03,174234700.0,9917.67,91310992.78
9117.06,2018-03-13 17:00:00,9274.19,44.0,51.0,40.0,29.0,12.0,32.0,33.0,57.0,46.0,39.0,43.0,32.0,33.0,37.0,9117.06,25600.0,33200.0,9243.51,174234700.0,5430.4,50131080.71
9159.37,2018-03-13 18:00:00,9181.64,34.0,49.0,38.0,29.0,13.0,31.0,32.0,48.0,54.0,31.0,37.0,34.0,31.0,34.0,9071.36,25600.0,33200.0,9116.61,174234700.0,2917.19,26686585.79
9073.37,2018-03-13 19:00:00,9208.71,52.0,46.0,38.0,27.0,13.0,29.0,32.0,49.0,57.0,78.0,45.0,31.0,24.0,33.0,9018.49,25600.0,33200.0,9159.37,174234700.0,5108.17,46516167.24
9074.4,2018-03-13 20:00:00,9214.5,51.0,50.0,37.0,0.0,13.0,31.0,30.0,38.0,61.0,92.0,51.0,60.0,28.0,36.0,9023.43,25600.0,33200.0,9073.37,174234700.0,4428.21,40477781.5
9122.23,2018-03-13 21:00:00,9144.29,40.0,51.0,37.0,13.0,14.0,31.0,29.0,32.0,67.0,73.0,48.0,32.0,29.0,38.0,9060.11,25600.0,33200.0,9072.76,174234700.0,1720.33,15754864.41
9172.65,2018-03-13 22:00:00,9262.23,32.0,49.0,38.0,14.0,16.0,38.0,32.0,33.0,73.0,36.0,69.0,32.0,26.0,40.0,9121.38,25600.0,33200.0,9123.04,174234700.0,5078.01,46774680.67
9160.12,2018-03-13 23:00:00,9208.64,24.0,49.0,33.0,19.0,20.0,51.0,37.0,39.0,57.0,34.0,76.0,44.0,26.0,48.0,9142.79,25600.0,33200.0,9172.67,174234700.0,2471.24,22748553.1
9340.13,2018-03-14 00:00:00,9360.66,24.0,60.0,39.0,42.0,20.0,58.0,44.0,41.0,52.0,32.0,60.0,46.0,30.0,45.0,9159.67,25600.0,33200.0,9160.12,174234700.0,5069.95,47077804.22
9311.81,2018-03-14 01:00:00,9352.46,20.0,48.0,36.0,22.0,26.0,65.0,46.0,38.0,42.0,46.0,52.0,43.0,29.0,38.0,9292.09,25600.0,33200.0,9352.46,174234700.0,1510.21,14136962.44
9260.69,2018-03-14 02:00:00,9338.84,22.0,44.0,38.0,17.0,27.0,81.0,50.0,48.0,48.0,51.0,44.0,27.0,32.0,66.0,9253.32,25600.0,33200.0,9311.81,174234700.0,1549.87,14481649.93
9287.9,2018-03-14 03:00:00,9338.1,24.0,42.0,38.0,21.0,26.0,60.0,55.0,33.0,48.0,48.0,57.0,31.0,37.0,58.0,9260.69,25600.0,33200.0,9260.69,174234700.0,1671.1,15601834.89
9132.97,2018-03-14 04:00:00,9288.72,19.0,56.0,49.0,23.0,24.0,56.0,47.0,52.0,53.0,44.0,31.0,26.0,48.0,48.0,9123.24,25600.0,33200.0,9287.9,174234700.0,2959.5,27198561.97
9218.92,2018-03-14 05:00:00,9222.85,22.0,55.0,47.0,27.0,21.0,48.0,49.0,45.0,52.0,43.0,33.0,29.0,68.0,50.0,9131.17,25600.0,33200.0,9131.17,174234700.0,1735.42,15993619.99
9208.34,2018-03-14 06:00:00,9220.46,22.0,69.0,53.0,19.0,17.0,40.0,51.0,10.0,52.0,43.0,36.0,27.0,42.0,41.0,9151.38,25600.0,33200.0,9218.83,174234700.0,1885.91,17401833.13
9121.53,2018-03-14 07:00:00,9213.25,22.0,66.0,60.0,30.0,16.0,41.0,44.0,40.0,47.0,49.0,38.0,26.0,38.0,35.0,9095.72,25600.0,33200.0,9208.88,174234700.0,1649.83,15260287.41
9155.94,2018-03-14 08:00:00,9158.53,25.0,56.0,61.0,26.0,14.0,30.0,44.0,42.0,47.0,39.0,42.0,30.0,64.0,32.0,9118.55,25600.0,33200.0,9121.33,174234700.0,1347.31,12400455.62
8943.95,2018-03-14 09:00:00,9160.49,29.0,68.0,59.0,22.0,31.0,31.0,38.0,37.0,48.0,35.0,42.0,33.0,28.0,30.0,8921.72,23900.0,36700.0,9156.25,23900.0,5662.87,51142346.36
8765.55,2018-03-14 10:00:00,8972.67,29.0,57.0,65.0,24.0,31.0,33.0,43.0,35.0,53.0,41.0,43.0,33.0,20.0,30.0,8721.43,23900.0,36700.0,8943.34,23900.0,9954.66,87700047.79
8716.65,2018-03-14 11:00:00,8783.08,36.0,49.0,53.0,32.0,39.0,32.0,44.0,43.0,56.0,36.0,49.0,31.0,24.0,34.0,8653.7,23900.0,36700.0,8765.58,23900.0,7881.12,68849854.17
8709.4,2018-03-14 12:00:00,8771.01,41.0,57.0,53.0,17.0,42.0,35.0,41.0,52.0,61.0,38.0,47.0,40.0,24.0,36.0,8625.72,23900.0,36700.0,8716.66,23900.0,8651.28,75413364.31
8692.87,2018-03-14 13:00:00,8724.5,43.0,52.0,49.0,22.0,41.0,32.0,44.0,53.0,61.0,33.0,55.0,34.0,23.0,38.0,8611.29,23900.0,36700.0,8709.4,23900.0,6082.68,52828620.56
8765.37,2018-03-14 14:00:00,8804.0,48.0,50.0,53.0,27.0,35.0,34.0,45.0,63.0,55.0,37.0,43.0,39.0,24.0,34.0,8687.42,23900.0,36700.0,8692.86,23900.0,6325.27,55423262.49
8750.87,2018-03-14 15:00:00,8768.52,57.0,49.0,53.0,25.0,34.0,32.0,40.0,51.0,50.0,39.0,52.0,40.0,29.0,33.0,8688.17,23900.0,36700.0,8764.61,23900.0,4923.22,43096798.5
8449.49,2018-03-14 16:00:00,8758.33,59.0,51.0,47.0,26.0,34.0,32.0,36.0,43.0,46.0,58.0,45.0,36.0,27.0,44.0,8398.11,23900.0,36700.0,8751.76,23900.0,15061.86,128487791.47
8352.36,2018-03-14 17:00:00,8459.08,63.0,54.0,48.0,26.0,37.0,33.0,38.0,43.0,55.0,45.0,47.0,45.0,26.0,42.0,8275.48,23900.0,36700.0,8449.49,23900.0,17430.81,145764178.59
8278.21,2018-03-14 18:00:00,8357.78,100.0,59.0,50.0,37.0,45.0,39.0,46.0,40.0,65.0,70.0,49.0,55.0,29.0,46.0,8229.26,23900.0,36700.0,8352.36,23900.0,11382.48,94483252.69
8314.56,2018-03-14 19:00:00,8382.86,98.0,61.0,56.0,38.0,45.0,38.0,45.0,63.0,71.0,87.0,51.0,64.0,31.0,49.0,8277.26,23900.0,36700.0,8277.26,23900.0,5831.89,48855184.67
8324.62,2018-03-14 20:00:00,8369.0,88.0,56.0,48.0,22.0,41.0,32.0,43.0,47.0,79.0,100.0,55.0,59.0,21.0,46.0,8230.88,23900.0,36700.0,8314.56,23900.0,6916.48,57462468.62
8066.1,2018-03-14 21:00:00,8327.64,77.0,60.0,47.0,43.0,44.0,41.0,40.0,32.0,89.0,62.0,64.0,65.0,27.0,52.0,7966.94,23900.0,36700.0,8324.62,23900.0,18245.69,147715553.78
8196.88,2018-03-14 22:00:00,8313.95,63.0,64.0,53.0,85.0,62.0,52.0,51.0,33.0,93.0,73.0,80.0,89.0,27.0,65.0,8063.14,23900.0,36700.0,8063.18,23900.0,12126.11,99841945.95
8217.7,2018-03-14 23:00:00,8306.1,56.0,60.0,53.0,57.0,72.0,64.0,58.0,34.0,100.0,69.0,98.0,100.0,32.0,51.0,8178.22,23900.0,36700.0,8196.88,23900.0,5920.29,48962234.14
8109.54,2018-03-15 00:00:00,8280.23,48.0,57.0,49.0,60.0,69.0,68.0,61.0,55.0,72.0,67.0,100.0,80.0,28.0,54.0,8072.63,23900.0,36700.0,8216.22,23900.0,8267.33,67732046.27
8149.31,2018-03-15 01:00:00,8207.58,44.0,52.0,49.0,48.0,77.0,85.0,68.0,38.0,65.0,63.0,68.0,65.0,27.0,56.0,8096.81,23900.0,36700.0,8109.54,23900.0,5246.87,42914142.03
7819.83,2018-03-15 02:00:00,8151.17,43.0,57.0,51.0,36.0,86.0,95.0,85.0,45.0,66.0,85.0,68.0,49.0,38.0,56.0,7777.63,23900.0,36700.0,8149.91,23900.0,17611.84,139605269.5
7914.26,2018-03-15 03:00:00,8000.63,49.0,65.0,61.0,35.0,100.0,100.0,91.0,82.0,85.0,68.0,63.0,51.0,40.0,73.0,7816.34,23900.0,36700.0,7819.83,23900.0,9385.51,74588736.86
7932.48,2018-03-15 04:00:00,7974.14,49.0,78.0,70.0,40.0,97.0,97.0,100.0,29.0,85.0,68.0,52.0,58.0,56.0,86.0,7860.45,23900.0,36700.0,7914.22,23900.0,6963.26,55282531.11
7809.16,2018-03-15 05:00:00,7939.3,48.0,86.0,72.0,39.0,92.0,61.0,84.0,48.0,81.0,58.0,38.0,56.0,67.0,100.0,7766.63,23900.0,36700.0,7932.46,23900.0,8705.52,68369860.03
7863.91,2018-03-15 06:00:00,7874.38,50.0,88.0,76.0,37.0,86.0,64.0,88.0,47.0,75.0,63.0,45.0,53.0,48.0,75.0,7698.47,23900.0,36700.0,7809.16,23900.0,11689.62,91224686.49
7905.45,2018-03-15 07:00:00,7960.74,53.0,100.0,84.0,39.0,76.0,63.0,93.0,58.0,70.0,67.0,48.0,47.0,100.0,65.0,7863.5,23900.0,36700.0,7863.91,23900.0,6738.1,53584297.83
8208.43,2018-03-15 08:00:00,8267.23,49.0,90.0,97.0,31.0,57.0,49.0,71.0,81.0,65.0,49.0,50.0,40.0,54.0,47.0,7835.28,23900.0,36700.0,7905.45,23900.0,11718.13,94705809.43
8205.84,2018-03-15 09:00:00,8303.64,48.0,78.0,100.0,36.0,53.0,41.0,60.0,33.0,63.0,52.0,54.0,42.0,53.0,44.0,8160.02,25700.0,35700.0,8208.43,237273400.0,8454.59,69717616.86
8125.75,2018-03-15 10:00:00,8283.45,42.0,66.0,87.0,32.0,44.0,36.0,43.0,44.0,65.0,42.0,46.0,47.0,36.0,39.0,8079.65,24600.0,33900.0,8206.28,199106800.0,6620.23,54324864.14
8260.5,2018-03-15 11:00:00,8297.63,44.0,71.0,73.0,43.0,46.0,36.0,42.0,47.0,61.0,34.0,42.0,42.0,33.0,37.0,8125.75,24600.0,33900.0,8125.75,199106800.0,5879.64,48464946.23
8183.97,2018-03-15 12:00:00,8268.96,50.0,59.0,65.0,29.0,43.0,38.0,36.0,59.0,65.0,37.0,50.0,44.0,32.0,38.0,8152.49,24600.0,33900.0,8262.14,199106800.0,3215.08,26473534.68
8406.44,2018-03-15 13:00:00,8432.12,52.0,56.0,62.0,33.0,41.0,38.0,38.0,70.0,62.0,44.0,55.0,36.0,25.0,37.0,8184.21,24600.0,33900.0,8184.31,199106800.0,8268.45,68926271.14
8306.74,2018-03-15 14:00:00,8411.7,53.0,52.0,55.0,26.0,35.0,32.0,39.0,53.0,55.0,40.0,54.0,39.0,24.0,37.0,8298.91,24600.0,33900.0,8406.94,199106800.0,6950.51,58354915.39
8114.61,2018-03-15 15:00:00,8307.99,61.0,56.0,53.0,33.0,33.0,34.0,37.0,62.0,58.0,41.0,47.0,42.0,24.0,38.0,7971.1,24600.0,33900.0,8306.25,199106800.0,16461.25,133291725.6
8094.94,2018-03-15 16:00:00,8141.67,78.0,56.0,51.0,36.0,35.0,31.0,38.0,51.0,56.0,45.0,43.0,46.0,31.0,43.0,7992.08,24600.0,33900.0,8114.48,199106800.0,7617.16,61673824.4
8169.28,2018-03-15 17:00:00,8249.47,77.0,53.0,53.0,40.0,35.0,33.0,37.0,46.0,52.0,68.0,46.0,41.0,29.0,41.0,8087.54,24600.0,33900.0,8095.56,199106800.0,6721.97,55149638.04
8157.1,2018-03-15 18:00:00,8231.64,75.0,50.0,47.0,28.0,33.0,30.0,38.0,57.0,56.0,41.0,41.0,50.0,27.0,39.0,8096.62,24600.0,33900.0,8169.57,199106800.0,5126.89,41904157.85
8231.02,2018-03-15 19:00:00,8331.53,96.0,46.0,48.0,53.0,32.0,30.0,37.0,50.0,59.0,68.0,38.0,42.0,26.0,35.0,8152.53,24600.0,33900.0,8157.11,199106800.0,7321.3,60586849.27
8262.58,2018-03-15 20:00:00,8303.39,83.0,45.0,45.0,12.0,35.0,31.0,33.0,39.0,68.0,64.0,51.0,49.0,30.0,36.0,8217.92,24600.0,33900.0,8231.02,199106800.0,4594.81,38093530.45
8318.47,2018-03-15 21:00:00,8337.37,68.0,50.0,44.0,61.0,37.0,31.0,35.0,30.0,71.0,55.0,56.0,46.0,27.0,41.0,8172.63,24600.0,33900.0,8262.58,199106800.0,5169.47,42799278.31
8337.57,2018-03-15 22:00:00,8393.7,53.0,49.0,44.0,15.0,41.0,37.0,36.0,50.0,75.0,50.0,61.0,64.0,24.0,36.0,8276.13,24600.0,33900.0,8318.59,199106800.0,5040.1,42135514.75
8268.41,2018-03-15 23:00:00,8339.26,36.0,44.0,43.0,40.0,43.0,51.0,40.0,60.0,65.0,42.0,90.0,74.0,24.0,47.0,8239.37,24600.0,33900.0,8337.57,199106800.0,3598.07,29946417.9
8075.82,2018-03-16 00:00:00,8343.32,35.0,43.0,43.0,45.0,49.0,71.0,49.0,49.0,66.0,42.0,67.0,66.0,26.0,42.0,8055.12,24600.0,33900.0,8267.95,199106800.0,7363.34,60505479.46
8018.99,2018-03-16 01:00:00,8103.5,33.0,42.0,42.0,52.0,62.0,74.0,55.0,57.0,44.0,49.0,55.0,50.0,22.0,42.0,7924.11,24600.0,33900.0,8076.22,199106800.0,8487.92,68285499.13
8112.29,2018-03-16 02:00:00,8128.12,35.0,49.0,43.0,26.0,60.0,71.0,62.0,46.0,52.0,51.0,47.0,38.0,30.0,48.0,7986.8,24600.0,33900.0,8019.04,199106800.0,6941.22,56075438.01
8050.32,2018-03-16 03:00:00,8152.67,33.0,53.0,51.0,29.0,56.0,66.0,65.0,56.0,57.0,47.0,46.0,38.0,37.0,43.0,8024.2,24600.0,33900.0,8112.29,199106800.0,5096.81,41370489.33
8206.9,2018-03-16 04:00:00,8265.38,34.0,53.0,51.0,33.0,58.0,59.0,57.0,26.0,71.0,47.0,27.0,34.0,43.0,54.0,8038.42,24600.0,33900.0,8050.32,199106800.0,4813.37,39488309.26
8204.51,2018-03-16 05:00:00,8256.29,33.0,56.0,55.0,30.0,47.0,47.0,61.0,100.0,61.0,43.0,29.0,41.0,43.0,62.0,8187.69,24600.0,33900.0,8206.9,199106800.0,5307.49,44065702.12
8211.69,2018-03-16 06:00:00,8295.97,32.0,66.0,57.0,31.0,44.0,41.0,58.0,58.0,57.0,55.0,33.0,38.0,62.0,49.0,8183.65,24600.0,33900.0,8205.18,199106800.0,3646.4,30164949.51
8261.37,2018-03-16 07:00:00,8311.44,35.0,70.0,70.0,31.0,37.0,39.0,49.0,57.0,59.0,38.0,38.0,35.0,63.0,35.0,8210.77,24600.0,33900.0,8211.72,199106800.0,3980.26,33023062.48
8222.67,2018-03-16 08:00:00,8300.99,35.0,66.0,66.0,31.0,30.0,34.0,48.0,60.0,58.0,42.0,33.0,27.0,47.0,35.0,8199.36,24600.0,33900.0,8261.65,199106800.0,3664.05,30315340.45
8209.67,2018-03-16 09:00:00,8223.02,34.0,57.0,74.0,26.0,32.0,35.0,41.0,51.0,51.0,42.0,40.0,33.0,21.0,32.0,8103.29,25700.0,35700.0,8222.76,237273400.0,5996.09,49096411.44
8117.87,2018-03-16 10:00:00,8213.82,35.0,56.0,74.0,25.0,30.0,36.0,37.0,41.0,52.0,40.0,44.0,36.0,33.0,35.0,8092.35,23500.0,32000.0,8203.24,190521200.0,3848.26,31446986.73
8211.15,2018-03-16 11:00:00,8219.73,39.0,49.0,66.0,37.0,33.0,33.0,34.0,37.0,53.0,43.0,42.0,34.0,25.0,36.0,8108.07,23500.0,32000.0,8117.87,190521200.0,3311.14,27206779.95
8202.28,2018-03-16 12:00:00,8246.98,40.0,44.0,55.0,14.0,32.0,33.0,34.0,38.0,52.0,33.0,44.0,32.0,23.0,36.0,8177.01,23500.0,32000.0,8211.15,190521200.0,4098.59,33917120.34
8475.32,2018-03-16 13:00:00,8537.45,40.0,45.0,49.0,21.0,31.0,33.0,34.0,38.0,56.0,28.0,46.0,33.0,21.0,33.0,8173.48,23500.0,32000.0,8202.28,190521200.0,14123.91,119407034.63
8460.23,2018-03-16 14:00:00,8563.48,49.0,45.0,50.0,25.0,29.0,31.0,35.0,42.0,50.0,35.0,47.0,35.0,23.0,35.0,8450.15,23500.0,32000.0,8475.16,190521200.0,7437.23,63403350.88
8563.59,2018-03-16 15:00:00,8616.63,51.0,43.0,50.0,41.0,29.0,32.0,35.0,35.0,47.0,36.0,34.0,37.0,22.0,38.0,8460.27,23500.0,32000.0,8460.27,190521200.0,7574.89,64950519.73
8551.88,2018-03-16 16:00:00,8578.21,52.0,45.0,41.0,31.0,30.0,32.0,30.0,68.0,45.0,41.0,46.0,37.0,28.0,36.0,8503.96,23500.0,32000.0,8563.49,190521200.0,4591.71,39440360.09
8472.01,2018-03-16 17:00:00,8587.96,65.0,46.0,42.0,26.0,30.0,30.0,31.0,42.0,44.0,44.0,46.0,34.0,26.0,36.0,8472.01,23500.0,32000.0,8551.88,190521200.0,4305.85,36890175.4
8527.51,2018-03-16 18:00:00,8557.27,64.0,39.0,41.0,27.0,29.0,28.0,32.0,59.0,46.0,53.0,43.0,37.0,24.0,37.0,8468.13,23500.0,32000.0,8470.39,190521200.0,3612.16,30854327.72
8557.03,2018-03-16 19:00:00,8605.61,67.0,49.0,41.0,34.0,27.0,27.0,32.0,46.0,53.0,50.0,47.0,37.0,23.0,30.0,8500.2,23500.0,32000.0,8527.61,190521200.0,5076.58,43504549.52
8541.27,2018-03-16 20:00:00,8580.01,64.0,48.0,41.0,0.0,28.0,28.0,31.0,53.0,61.0,60.0,50.0,52.0,21.0,38.0,8512.72,23500.0,32000.0,8557.03,190521200.0,2979.11,25564808.83
8519.14,2018-03-16 21:00:00,8549.7,51.0,51.0,38.0,72.0,31.0,27.0,28.0,66.0,65.0,31.0,53.0,50.0,21.0,39.0,8474.34,23500.0,32000.0,8541.27,190521200.0,3129.5,26793017.47
8502.76,2018-03-16 22:00:00,8548.57,42.0,46.0,35.0,0.0,29.0,35.0,29.0,44.0,75.0,50.0,57.0,34.0,23.0,30.0,8492.62,23500.0,32000.0,8518.23,190521200.0,2950.41,25233595.36
8283.23,2018-03-16 23:00:00,8527.1,36.0,43.0,35.0,47.0,35.0,39.0,32.0,39.0,63.0,37.0,70.0,56.0,24.0,39.0,8278.74,23500.0,32000.0,8502.82,190521200.0,7351.84,61786828.7
8305.52,2018-03-17 00:00:00,8325.23,34.0,41.0,36.0,42.0,41.0,54.0,36.0,46.0,46.0,33.0,96.0,51.0,24.0,38.0,8255.59,23500.0,32000.0,8283.23,190521200.0,4948.71,41218880.84
8160.39,2018-03-17 01:00:00,8321.19,29.0,41.0,36.0,13.0,48.0,47.0,46.0,41.0,46.0,33.0,66.0,41.0,26.0,29.0,8111.77,23500.0,32000.0,8305.59,190521200.0,8574.72,70345327.82
8244.7,2018-03-17 02:00:00,8256.78,28.0,40.0,38.0,37.0,51.0,54.0,51.0,55.0,45.0,38.0,46.0,38.0,33.0,40.0,8120.82,23500.0,32000.0,8160.39,190521200.0,3901.15,31981886.99
8219.68,2018-03-17 03:00:00,8251.61,29.0,39.0,39.0,17.0,47.0,70.0,48.0,37.0,50.0,37.0,53.0,33.0,37.0,51.0,8194.26,23500.0,32000.0,8244.7,190521200.0,1804.29,14959085.85
8229.43,2018-03-17 04:00:00,8236.2,27.0,47.0,43.0,39.0,50.0,51.0,51.0,32.0,57.0,45.0,50.0,30.0,44.0,65.0,8118.81,23500.0,32000.0,8219.76,190521200.0,4043.26,33210970.11
8178.76,2018-03-17 05:00:00,8229.7,29.0,45.0,38.0,31.0,40.0,59.0,49.0,55.0,53.0,33.0,33.0,26.0,41.0,51.0,8173.78,23500.0,32000.0,8229.43,190521200.0,2138.87,17589614.52
8210.45,2018-03-17 06:00:00,8231.33,26.0,58.0,48.0,34.0,37.0,38.0,49.0,96.0,49.0,32.0,39.0,34.0,42.0,47.0,8142.25,23500.0,32000.0,8178.76,190521200.0,2995.46,24596020.01
8209.39,2018-03-17 07:00:00,8256.25,26.0,76.0,54.0,23.0,37.0,37.0,43.0,15.0,47.0,27.0,44.0,28.0,46.0,40.0,8204.66,23500.0,32000.0,8210.45,190521200.0,1559.87,12913198.11
8319.28,2018-03-17 08:00:00,8360.64,25.0,65.0,53.0,22.0,27.0,28.0,37.0,42.0,50.0,29.0,42.0,28.0,43.0,36.0,8178.92,23500.0,32000.0,8209.49,190521200.0,4165.25,34511111.63
8297.89,2018-03-17 09:00:00,8339.48,27.0,60.0,59.0,38.0,30.0,26.0,33.0,46.0,46.0,23.0,35.0,26.0,37.0,37.0,8271.63,25700.0,35700.0,8319.28,237273400.0,2687.3,22403133.58
8257.32,2018-03-17 10:00:00,8299.05,23.0,52.0,59.0,41.0,25.0,27.0,30.0,63.0,46.0,30.0,41.0,26.0,21.0,35.0,8248.37,22600.0,31300.0,8297.89,205412100.0,1556.64,12931972.39
8217.61,2018-03-17 11:00:00,8319.99,25.0,41.0,50.0,39.0,25.0,25.0,28.0,24.0,47.0,30.0,44.0,29.0,28.0,28.0,8217.61,22600.0,31300.0,8257.32,205412100.0,2836.45,23649407.61
8060.16,2018-03-17 12:00:00,8216.91,32.0,43.0,44.0,22.0,26.0,28.0,25.0,40.0,50.0,28.0,37.0,26.0,27.0,30.0,8019.85,22600.0,31300.0,8215.22,205412100.0,7942.75,64434082.04
8022.6,2018-03-17 13:00:00,8094.46,34.0,39.0,43.0,18.0,26.0,26.0,26.0,47.0,51.0,33.0,35.0,32.0,27.0,30.0,7963.69,22600.0,31300.0,8061.32,205412100.0,5923.58,47668417.52
7999.35,2018-03-17 14:00:00,8073.65,41.0,38.0,35.0,28.0,26.0,26.0,27.0,57.0,51.0,29.0,47.0,29.0,23.0,34.0,7983.19,22600.0,31300.0,8023.47,205412100.0,4625.33,37235145.25
7921.09,2018-03-17 15:00:00,8016.45,47.0,38.0,38.0,15.0,25.0,26.0,27.0,49.0,48.0,28.0,38.0,32.0,25.0,32.0,7882.43,22600.0,31300.0,7999.35,205412100.0,8445.29,67003505.48
7924.82,2018-03-17 16:00:00,7968.65,57.0,41.0,39.0,34.0,28.0,26.0,28.0,45.0,47.0,37.0,48.0,45.0,29.0,33.0,7899.45,22600.0,31300.0,7920.35,205412100.0,4044.22,32270113.03
7951.02,2018-03-17 17:00:00,8007.71,56.0,38.0,36.0,23.0,30.0,28.0,28.0,65.0,46.0,35.0,41.0,35.0,29.0,35.0,7916.3,22600.0,31300.0,7924.07,205412100.0,4298.95,34299496.04
7848.8,2018-03-17 18:00:00,7990.39,52.0,38.0,37.0,25.0,26.0,25.0,26.0,43.0,47.0,54.0,39.0,39.0,30.0,35.0,7818.56,22600.0,31300.0,7951.02,205412100.0,5498.7,43574135.83
7845.7,2018-03-17 19:00:00,7852.51,58.0,41.0,34.0,32.0,26.0,24.0,26.0,43.0,54.0,53.0,44.0,35.0,27.0,31.0,7765.41,22600.0,31300.0,7848.8,205412100.0,6255.84,48989864.63
7856.98,2018-03-17 20:00:00,7862.46,74.0,43.0,36.0,20.0,32.0,32.0,31.0,39.0,65.0,69.0,49.0,43.0,27.0,36.0,7790.85,22600.0,31300.0,7843.0,205412100.0,5795.15,45456319.01
7974.73,2018-03-17 21:00:00,8071.0,56.0,41.0,36.0,84.0,32.0,32.0,33.0,28.0,71.0,51.0,49.0,49.0,29.0,38.0,7851.69,22600.0,31300.0,7856.98,205412100.0,8211.3,65760898.19
8025.39,2018-03-17 22:00:00,8064.7,45.0,38.0,35.0,80.0,33.0,34.0,30.0,27.0,74.0,52.0,61.0,56.0,27.0,41.0,7962.53,22600.0,31300.0,7974.73,205412100.0,4612.58,37068910.56
7883.45,2018-03-17 23:00:00,8028.27,35.0,39.0,34.0,13.0,34.0,43.0,31.0,48.0,66.0,29.0,70.0,51.0,32.0,44.0,7853.99,22600.0,31300.0,8025.42,205412100.0,4775.65,37867925.93
7722.99,2018-03-18 00:00:00,7900.43,38.0,35.0,33.0,45.0,39.0,49.0,36.0,46.0,52.0,33.0,81.0,56.0,30.0,40.0,7718.52,22600.0,31300.0,7882.67,205412100.0,6715.21,52489939.28
7744.98,2018-03-18 01:00:00,7810.45,35.0,37.0,36.0,18.0,51.0,63.0,46.0,54.0,46.0,44.0,80.0,51.0,37.0,30.0,7722.36,22600.0,31300.0,7722.72,205412100.0,4308.94,33707959.81
7657.59,2018-03-18 02:00:00,7745.37,32.0,43.0,40.0,18.0,70.0,60.0,53.0,85.0,46.0,43.0,57.0,41.0,38.0,46.0,7580.35,22600.0,31300.0,7744.84,205412100.0,11733.13,89721304.55
7692.07,2018-03-18 03:00:00,7749.1,39.0,42.0,49.0,40.0,73.0,73.0,68.0,25.0,53.0,41.0,46.0,49.0,46.0,47.0,7628.8,22600.0,31300.0,7657.59,205412100.0,6922.95,53367335.34
7601.08,2018-03-18 04:00:00,7758.45,34.0,48.0,62.0,28.0,72.0,86.0,63.0,19.0,62.0,45.0,46.0,43.0,53.0,51.0,7566.33,22600.0,31300.0,7690.92,205412100.0,6151.45,47204781.93
7690.48,2018-03-18 05:00:00,7715.75,33.0,58.0,54.0,30.0,57.0,64.0,60.0,10.0,59.0,34.0,53.0,38.0,62.0,66.0,7597.14,22600.0,31300.0,7601.08,205412100.0,3964.22,30394249.95
7778.65,2018-03-18 06:00:00,7789.93,34.0,57.0,60.0,36.0,51.0,52.0,58.0,27.0,61.0,34.0,47.0,39.0,59.0,59.0,7685.78,22600.0,31300.0,7691.43,205412100.0,4605.44,35759789.33
7697.46,2018-03-18 07:00:00,7778.06,35.0,65.0,56.0,22.0,42.0,39.0,54.0,47.0,53.0,36.0,46.0,37.0,43.0,52.0,7685.46,22600.0,31300.0,7777.41,205412100.0,2906.42,22593796.02
7780.48,2018-03-18 08:00:00,7825.46,33.0,61.0,66.0,34.0,42.0,39.0,45.0,65.0,52.0,37.0,47.0,36.0,61.0,52.0,7689.95,22600.0,31300.0,7697.46,205412100.0,3901.17,30450330.74
7719.04,2018-03-18 09:00:00,7794.97,32.0,62.0,67.0,37.0,38.0,36.0,42.0,65.0,52.0,39.0,39.0,32.0,37.0,39.0,7693.15,25700.0,35700.0,7781.94,237273400.0,3166.68,24615353.08
7616.45,2018-03-18 10:00:00,7755.73,35.0,56.0,80.0,27.0,35.0,35.0,40.0,57.0,47.0,36.0,41.0,31.0,39.0,37.0,7575.01,22600.0,31000.0,7719.04,216532500.0,6774.75,51806112.4
7799.02,2018-03-18 11:00:00,7838.27,42.0,52.0,72.0,25.0,36.0,36.0,39.0,42.0,55.0,34.0,35.0,38.0,53.0,36.0,7585.15,22600.0,31000.0,7616.88,216532500.0,6970.62,53869214.39
7730.86,2018-03-18 12:00:00,7840.64,47.0,51.0,67.0,31.0,32.0,33.0,36.0,60.0,64.0,33.0,46.0,36.0,33.0,43.0,7714.31,22600.0,31000.0,7799.02,216532500.0,5288.59,41246759.97
7626.12,2018-03-18 13:00:00,7750.34,45.0,44.0,53.0,42.0,28.0,31.0,34.0,62.0,59.0,30.0,39.0,35.0,33.0,35.0,7563.85,22600.0,31000.0,7730.86,216532500.0,7939.25,60734431.84
7503.68,2018-03-18 14:00:00,7637.98,60.0,47.0,59.0,19.0,35.0,34.0,35.0,62.0,54.0,43.0,38.0,38.0,28.0,38.0,7318.46,22600.0,31000.0,7626.12,216532500.0,22883.04,170582891.6
7406.92,2018-03-18 15:00:00,7512.92,73.0,48.0,61.0,40.0,39.0,38.0,39.0,53.0,66.0,54.0,47.0,54.0,34.0,41.0,7392.44,22600.0,31000.0,7503.68,216532500.0,9362.07,69858284.92
7398.89,2018-03-18 16:00:00,7468.2,77.0,48.0,52.0,45.0,35.0,38.0,36.0,55.0,62.0,57.0,42.0,45.0,32.0,42.0,7354.8,22600.0,31000.0,7406.34,216532500.0,10345.26,76857230.13
7507.35,2018-03-18 17:00:00,7532.42,95.0,47.0,55.0,20.0,36.0,35.0,35.0,38.0,63.0,46.0,41.0,49.0,32.0,40.0,7355.56,22600.0,31000.0,7398.89,216532500.0,7140.23,53473939.71
7461.83,2018-03-18 18:00:00,7594.04,94.0,41.0,48.0,41.0,32.0,31.0,34.0,38.0,55.0,44.0,40.0,54.0,32.0,43.0,7449.05,22600.0,31000.0,7507.25,216532500.0,6936.73,52422890.84
7485.0,2018-03-18 19:00:00,7534.2,87.0,41.0,45.0,36.0,72.0,30.0,31.0,48.0,69.0,72.0,49.0,48.0,28.0,42.0,7409.6,22600.0,31000.0,7462.38,216532500.0,6146.96,46034248.29
7665.25,2018-03-18 20:00:00,7683.87,92.0,50.0,45.0,22.0,43.0,42.0,34.0,36.0,72.0,70.0,51.0,50.0,34.0,47.0,7480.78,22600.0,31000.0,7485.02,216532500.0,8646.44,65711408.28
8243.97,2018-03-18 21:00:00,8299.86,78.0,41.0,43.0,15.0,36.0,33.0,34.0,55.0,77.0,75.0,58.0,60.0,32.0,49.0,7660.59,22600.0,31000.0,7665.15,216532500.0,24773.98,198503832.21
8166.29,2018-03-18 22:00:00,8253.71,53.0,44.0,42.0,44.0,44.0,37.0,38.0,42.0,83.0,48.0,73.0,65.0,30.0,51.0,8068.59,22600.0,31000.0,8243.96,216532500.0,12829.54,104993499.16
8215.4,2018-03-18 23:00:00,8264.59,40.0,40.0,41.0,21.0,49.0,51.0,41.0,43.0,87.0,47.0,94.0,65.0,28.0,43.0,8158.09,22600.0,31000.0,8166.96,216532500.0,8383.28,69119861.16
8310.7,2018-03-19 00:00:00,8455.12,35.0,41.0,41.0,54.0,56.0,56.0,47.0,56.0,65.0,41.0,65.0,64.0,24.0,63.0,8214.6,22600.0,31000.0,8215.5,216532500.0,16041.33,134742099.09
8258.51,2018-03-19 01:00:00,8331.65,33.0,46.0,43.0,53.0,68.0,73.0,52.0,53.0,52.0,52.0,55.0,57.0,35.0,54.0,8136.91,22600.0,31000.0,8309.99,216532500.0,10954.5,90071618.72
8202.82,2018-03-19 02:00:00,8301.71,34.0,44.0,45.0,24.0,63.0,87.0,59.0,79.0,59.0,49.0,58.0,43.0,41.0,63.0,8180.29,22600.0,31000.0,8258.77,216532500.0,5076.36,41982557.69
8200.71,2018-03-19 03:00:00,8250.02,32.0,47.0,45.0,27.0,61.0,77.0,59.0,67.0,58.0,47.0,37.0,38.0,42.0,40.0,8143.8,22600.0,31000.0,8202.82,216532500.0,4870.29,40046081.57
8200.71,2018-03-19 04:00:00,8256.41,30.0,45.0,52.0,26.0,49.0,68.0,55.0,60.0,63.0,43.0,25.0,37.0,47.0,64.0,8181.03,22600.0,31000.0,8198.65,216532500.0,3104.42,25623570.59
8338.3,2018-03-19 05:00:00,8359.91,30.0,56.0,52.0,26.0,66.0,54.0,53.0,79.0,60.0,49.0,26.0,33.0,65.0,64.0,8191.69,22600.0,31000.0,8200.14,216532500.0,5433.18,45321943.42
8297.23,2018-03-19 06:00:00,8376.69,31.0,70.0,57.0,27.0,46.0,42.0,51.0,29.0,55.0,36.0,39.0,36.0,73.0,49.0,8274.78,22600.0,31000.0,8337.7,216532500.0,4031.78,33700602.58
8311.84,2018-03-19 07:00:00,8333.21,32.0,61.0,64.0,22.0,41.0,44.0,41.0,51.0,55.0,44.0,41.0,29.0,82.0,41.0,8278.63,22600.0,31000.0,8297.23,216532500.0,3094.14,25870857.1
8332.78,2018-03-19 08:00:00,8415.54,34.0,66.0,66.0,21.0,36.0,38.0,41.0,54.0,53.0,41.0,37.0,37.0,77.0,30.0,8301.69,22600.0,31000.0,8311.84,216532500.0,4828.66,40633184.84
8223.63,2018-03-19 09:00:00,8343.29,32.0,62.0,81.0,29.0,36.0,35.0,37.0,31.0,52.0,39.0,44.0,31.0,27.0,35.0,8184.31,25700.0,35700.0,8332.78,237273400.0,6411.88,53086789.35
8238.93,2018-03-19 10:00:00,8257.19,32.0,57.0,71.0,22.0,32.0,32.0,37.0,49.0,60.0,42.0,33.0,33.0,24.0,35.0,8129.66,25700.0,35700.0,8223.63,237273400.0,5577.53,45833837.52
8353.4,2018-03-19 11:00:00,8374.96,35.0,51.0,58.0,20.0,34.0,33.0,35.0,43.0,68.0,37.0,46.0,30.0,29.0,33.0,8233.8,25700.0,35700.0,8238.19,237273400.0,4844.86,40442354.18
8292.15,2018-03-19 12:00:00,8353.65,38.0,46.0,56.0,29.0,34.0,36.0,35.0,29.0,54.0,34.0,37.0,27.0,27.0,34.0,8252.9,25700.0,35700.0,8353.4,237273400.0,3941.69,32853423.3
8557.72,2018-03-19 13:00:00,8618.36,41.0,44.0,49.0,18.0,33.0,42.0,38.0,52.0,53.0,32.0,46.0,30.0,26.0,35.0,8244.91,25700.0,35700.0,8292.14,237273400.0,13837.53,117511173.97
8585.7,2018-03-19 14:00:00,8725.6,48.0,45.0,52.0,25.0,31.0,46.0,33.0,41.0,56.0,37.0,45.0,30.0,24.0,30.0,8545.94,25700.0,35700.0,8556.88,237273400.0,15814.75,136814935.02
8576.14,2018-03-19 15:00:00,8613.65,55.0,44.0,47.0,23.0,35.0,43.0,36.0,47.0,53.0,41.0,37.0,41.0,29.0,38.0,8536.76,25700.0,35700.0,8585.7,237273400.0,5874.28,50587818.91
8388.04,2018-03-19 16:00:00,8639.83,67.0,46.0,46.0,31.0,33.0,33.0,36.0,48.0,55.0,51.0,45.0,37.0,28.0,36.0,8386.15,25700.0,35700.0,8576.14,237273400.0,7455.16,64027691.25
8324.69,2018-03-19 17:00:00,8404.81,64.0,45.0,48.0,26.0,34.0,37.0,35.0,47.0,55.0,52.0,42.0,45.0,32.0,38.0,8257.14,25700.0,35700.0,8388.5,237273400.0,12425.18,103922740.48
8329.04,2018-03-19 18:00:00,8419.92,69.0,41.0,44.0,29.0,35.0,33.0,35.0,51.0,57.0,62.0,47.0,52.0,30.0,37.0,8303.5,28200.0,35100.0,8324.72,383595100.0,5980.25,50266982.8
8401.25,2018-03-19 19:00:00,8459.66,76.0,41.0,44.0,62.0,34.0,32.0,32.0,45.0,60.0,65.0,33.0,41.0,30.0,34.0,8322.45,28200.0,35100.0,8329.66,383595100.0,5644.0,47519880.52
8435.91,2018-03-19 20:00:00,8517.97,78.0,43.0,43.0,35.0,34.0,32.0,32.0,33.0,68.0,69.0,45.0,34.0,26.0,36.0,8398.78,28200.0,35100.0,8401.93,383595100.0,10607.7,90455955.27
8401.95,2018-03-19 21:00:00,8481.66,65.0,48.0,44.0,47.0,35.0,32.0,33.0,49.0,71.0,44.0,58.0,55.0,27.0,42.0,8400.12,28200.0,35100.0,8435.91,383595100.0,3791.5,32292800.19
8526.81,2018-03-19 22:00:00,8581.1,40.0,45.0,39.0,31.0,41.0,39.0,35.0,38.0,83.0,43.0,56.0,70.0,28.0,47.0,8393.02,28200.0,35100.0,8402.26,383595100.0,5832.47,49676604.99
8623.14,2018-03-19 23:00:00,8643.73,39.0,46.0,38.0,45.0,49.0,59.0,43.0,40.0,76.0,46.0,82.0,68.0,26.0,48.0,8479.84,28200.0,35100.0,8526.81,383595100.0,6356.09,54527219.71
8530.66,2018-03-20 00:00:00,8624.13,37.0,45.0,39.0,65.0,61.0,70.0,47.0,30.0,57.0,37.0,71.0,55.0,26.0,47.0,8475.07,28200.0,35100.0,8623.14,383595100.0,6112.61,52214190.98
8478.9,2018-03-20 01:00:00,8560.82,35.0,42.0,39.0,35.0,66.0,82.0,50.0,37.0,53.0,46.0,82.0,50.0,27.0,51.0,8448.24,28200.0,35100.0,8530.66,383595100.0,4341.41,37015833.86
8601.57,2018-03-20 02:00:00,8639.93,32.0,41.0,40.0,37.0,62.0,76.0,56.0,77.0,50.0,43.0,61.0,33.0,32.0,54.0,8464.12,28200.0,35100.0,8478.9,383595100.0,6080.79,52109402.92
8617.27,2018-03-20 03:00:00,8688.49,30.0,45.0,47.0,30.0,61.0,79.0,58.0,43.0,56.0,56.0,39.0,33.0,35.0,45.0,8562.35,28200.0,35100.0,8601.57,383595100.0,6164.93,53254730.92
8479.26,2018-03-20 04:00:00,8617.83,31.0,54.0,49.0,33.0,64.0,75.0,66.0,45.0,56.0,37.0,22.0,29.0,53.0,59.0,8443.86,28200.0,35100.0,8617.18,383595100.0,5968.49,51098612.72
8499.64,2018-03-20 05:00:00,8514.66,33.0,67.0,59.0,20.0,56.0,56.0,63.0,86.0,55.0,38.0,29.0,34.0,57.0,60.0,8406.88,28200.0,35100.0,8479.93,383595100.0,3320.63,28196992.65
8510.24,2018-03-20 06:00:00,8555.16,30.0,67.0,54.0,16.0,42.0,41.0,60.0,41.0,50.0,47.0,37.0,32.0,57.0,46.0,8459.93,28200.0,35100.0,8499.71,383595100.0,2791.07,23947469.71
8409.22,2018-03-20 07:00:00,8528.79,31.0,73.0,66.0,27.0,39.0,45.0,50.0,39.0,51.0,45.0,28.0,28.0,62.0,35.0,8377.88,28200.0,35100.0,8510.24,383595100.0,3498.97,29734559.9
8387.13,2018-03-20 08:00:00,8441.82,31.0,74.0,72.0,28.0,36.0,40.0,41.0,31.0,50.0,48.0,39.0,26.0,47.0,30.0,8339.8,28200.0,35100.0,8409.22,383595100.0,3849.22,32425152.97
8469.69,2018-03-20 09:00:00,8500.39,29.0,62.0,71.0,32.0,32.0,37.0,37.0,38.0,53.0,40.0,45.0,27.0,33.0,31.0,8341.4,25700.0,35700.0,8387.13,237273400.0,3808.39,32221669.88
8496.78,2018-03-20 10:00:00,8519.42,29.0,58.0,67.0,32.0,32.0,29.0,33.0,28.0,52.0,34.0,40.0,25.0,24.0,32.0,8457.26,25700.0,35700.0,8469.69,237273400.0,2688.01,22916280.35
8546.0,2018-03-20 11:00:00,8581.68,30.0,47.0,56.0,21.0,30.0,34.0,33.0,53.0,53.0,28.0,44.0,36.0,23.0,29.0,8471.43,25700.0,35700.0,8496.78,237273400.0,3806.94,32649874.72
8572.34,2018-03-20 12:00:00,8623.1,32.0,44.0,54.0,23.0,33.0,33.0,33.0,59.0,53.0,25.0,45.0,28.0,26.0,32.0,8497.46,25700.0,35700.0,8546.06,237273400.0,4392.14,37757409.32
8498.41,2018-03-20 13:00:00,8582.53,39.0,42.0,42.0,22.0,30.0,36.0,34.0,54.0,54.0,37.0,51.0,36.0,19.0,30.0,8481.2,25700.0,35700.0,8571.59,237273400.0,4161.21,35648713.4
8539.36,2018-03-20 14:00:00,8555.45,48.0,41.0,46.0,23.0,29.0,31.0,34.0,55.0,52.0,28.0,43.0,27.0,19.0,30.0,8473.53,25700.0,35700.0,8498.41,237273400.0,3228.2,27634549.32
8548.87,2018-03-20 15:00:00,8621.66,50.0,42.0,44.0,27.0,28.0,31.0,34.0,42.0,51.0,32.0,39.0,30.0,25.0,32.0,8533.17,25700.0,35700.0,8539.35,237273400.0,5844.56,50175909.56
8847.5,2018-03-20 16:00:00,8863.23,72.0,40.0,42.0,18.0,30.0,31.0,32.0,51.0,45.0,31.0,44.0,36.0,28.0,32.0,8549.29,25700.0,35700.0,8549.29,237273400.0,16271.73,142971066.39
8881.7,2018-03-20 17:00:00,8905.67,54.0,44.0,46.0,19.0,31.0,37.0,35.0,64.0,48.0,38.0,45.0,35.0,27.0,35.0,8800.46,25700.0,35700.0,8846.97,237273400.0,8539.75,75698437.89
8840.8,2018-03-20 18:00:00,8899.28,74.0,41.0,43.0,44.0,31.0,31.0,34.0,44.0,54.0,52.0,48.0,39.0,28.0,33.0,8819.82,25700.0,35700.0,8881.7,237273400.0,5302.83,47199544.78
8969.02,2018-03-20 19:00:00,8979.16,84.0,39.0,41.0,25.0,32.0,30.0,32.0,52.0,54.0,49.0,44.0,40.0,24.0,34.0,8835.17,25700.0,35700.0,8840.8,237273400.0,6622.94,59262925.82
8934.56,2018-03-20 20:00:00,9056.23,76.0,42.0,39.0,42.0,31.0,33.0,33.0,52.0,59.0,89.0,43.0,30.0,24.0,39.0,8875.7,25700.0,35700.0,8969.02,237273400.0,11715.65,105492827.52
9010.52,2018-03-20 21:00:00,9015.57,56.0,45.0,41.0,59.0,37.0,33.0,34.0,50.0,75.0,50.0,60.0,45.0,23.0,36.0,8895.52,25700.0,35700.0,8933.49,237273400.0,5300.45,47676942.65
8965.4,2018-03-20 22:00:00,9012.81,37.0,39.0,41.0,100.0,42.0,41.0,34.0,36.0,76.0,52.0,53.0,54.0,27.0,41.0,8929.97,25700.0,35700.0,9010.52,237273400.0,3685.53,33206501.61
8920.71,2018-03-20 23:00:00,8967.07,30.0,42.0,40.0,51.0,50.0,49.0,41.0,50.0,77.0,47.0,84.0,66.0,23.0,40.0,8858.62,25700.0,35700.0,8965.44,237273400.0,4463.23,39952839.58
8963.41,2018-03-21 00:00:00,8970.17,31.0,42.0,39.0,64.0,79.0,56.0,51.0,49.0,65.0,27.0,63.0,46.0,23.0,34.0,8885.21,25700.0,35700.0,8920.53,237273400.0,3613.47,32334995.34
8988.92,2018-03-21 01:00:00,8995.89,25.0,39.0,35.0,31.0,67.0,82.0,50.0,73.0,44.0,49.0,43.0,42.0,28.0,35.0,8951.09,25700.0,35700.0,8963.56,237273400.0,3209.21,28910038.41
8968.66,2018-03-21 02:00:00,9009.82,30.0,41.0,42.0,28.0,59.0,82.0,62.0,49.0,45.0,28.0,56.0,31.0,29.0,32.0,8955.33,25700.0,35700.0,8988.92,237273400.0,3800.54,34316259.78
9048.38,2018-03-21 03:00:00,9074.76,29.0,39.0,41.0,34.0,68.0,85.0,58.0,48.0,55.0,38.0,36.0,29.0,36.0,35.0,8956.01,25700.0,35700.0,8968.79,237273400.0,4040.61,36496744.69
9087.09,2018-03-21 04:00:00,9148.33,27.0,46.0,46.0,30.0,59.0,49.0,67.0,75.0,55.0,29.0,28.0,24.0,47.0,43.0,9036.78,25700.0,35700.0,9048.38,237273400.0,7005.34,63899399.22
9063.05,2018-03-21 05:00:00,9132.9,28.0,61.0,51.0,20.0,58.0,40.0,61.0,25.0,56.0,33.0,35.0,32.0,65.0,57.0,9059.36,25700.0,35700.0,9086.94,237273400.0,3129.03,28572963.03
9090.23,2018-03-21 06:00:00,9102.8,32.0,72.0,59.0,28.0,48.0,43.0,60.0,67.0,57.0,35.0,35.0,28.0,42.0,50.0,9022.51,25700.0,35700.0,9063.17,237273400.0,3251.87,29576019.54
8944.8,2018-03-21 07:00:00,9113.19,33.0,56.0,58.0,23.0,42.0,44.0,51.0,35.0,51.0,37.0,41.0,27.0,54.0,39.0,8933.58,25700.0,35700.0,9090.09,237273400.0,6655.8,60174757.84
8985.59,2018-03-21 08:00:00,9009.66,35.0,68.0,77.0,20.0,35.0,33.0,46.0,68.0,51.0,39.0,37.0,25.0,53.0,39.0,8908.35,25700.0,35700.0,8944.8,237273400.0,3757.25,33809688.19
